Current_Time,Event_Name,Event_Scheduled,Event-Time,Idle_Processors,Service_Processors,Buffer_Length,Queue_Length,Entities_System
24538.48123508803,NEXT_ARRIVAL,24513.42821441766,24538.48123508803,4825.297257574883,1051.6652126011795,0,0,1
22260.674832940036,END_SERVICE,22138.24572456333,22260.674832940036,1574.0117683506032,408.0127304695052,0,0,1
21600,START_SIMULATION,21600,21600,0,0,0,0,0
24545.425934560666,NEXT_ARRIVAL,24538.48123508803,24545.425934560666,4825.297257574883,1065.5546115464495,0,0,2
21870.59733277546,NEXT_ARRIVAL,21600,21870.59733277546,1082.3893311018328,0,0,0,0
22379.99061968921,NEXT_ARRIVAL,22027.016459408384,22379.99061968921,1931.9591285981296,408.0127304695052,0,0,0
22544.415333995978,NEXT_ARRIVAL,22379.99061968921,22544.415333995978,2260.8085572116615,572.4374447762711,0,0,1
21913.89586957338,NEXT_ARRIVAL,21600,21913.89586957338,1212.2849414956036,43.29853679792359,0,0,1
24566.542541618666,END_SERVICE,24538.48123508803,24566.542541618666,4825.297257574883,1107.78782566245,0,1,3
22644.076091209325,END_SERVICE,22379.99061968921,22644.076091209325,2360.4693144250086,771.7589592029653,0,0,2
24767.263621210725,END_SERVICE,24513.42821441766,24767.263621210725,4825.297257574883,1509.2299848465664,0,0,2
22021.918027461033,END_SERVICE,21870.59733277546,22021.918027461033,1428.329257270907,259.342852573227,0,0,2
24780.676809946934,END_SERVICE,24566.542541618666,24780.676809946934,4838.710446311092,1522.6431735827755,0,0,1
22762.203135000498,END_SERVICE,22544.415333995978,22762.203135000498,2596.7234020073556,889.8860029941388,0,0,1
22027.016459408384,NEXT_ARRIVAL,21600,22027.016459408384,1443.624553112957,264.441284520577,0,0,1
22057.953819747927,NEXT_ARRIVAL,21870.59733277546,22057.953819747927,1505.4992737920438,326.3160051996638,0,0,2
25153.171745629727,NEXT_ARRIVAL,24545.425934560666,25153.171745629727,5583.7003176766775,1522.6431735827755,0,0,0
22800.324531238417,NEXT_ARRIVAL,22544.415333995978,22800.324531238417,2711.087590721112,889.8860029941388,0,0,0
25392.039916788148,END_SERVICE,25153.171745629727,25392.039916788148,5822.568488835099,1761.5113447411968,0,0,1
22894.244024994434,NEXT_ARRIVAL,22138.24572456333,22894.244024994434,2898.926578233146,983.8054967501557,0,0,1
22092.41577739884,END_SERVICE,21913.89586957338,22092.41577739884,1539.9612314429578,429.7018781524057,0,0,3
22917.97190438538,END_SERVICE,22894.244024994434,22917.97190438538,2922.654457624092,1031.2612555320484,0,0,2
22109.572397290718,NEXT_ARRIVAL,21913.89586957338,22109.572397290718,1574.2744712267122,464.0151179361601,0,0,2
26460.547170606456,NEXT_ARRIVAL,25153.171745629727,26460.547170606456,7959.582996471716,1761.5113447411968,0,0,0
26670.983186534864,NEXT_ARRIVAL,26460.547170606456,26670.983186534864,8170.019012400124,1971.9473606696047,0,0,1
22165.803117522144,END_SERVICE,22057.953819747927,22165.803117522144,1630.5051914581381,632.7072786304379,0,0,3
22925.238774894893,NEXT_ARRIVAL,22894.244024994434,22925.238774894893,2937.188198643118,1038.5281260415613,0,0,1
22935.28298277365,END_SERVICE,22925.238774894893,22935.28298277365,2947.2324065218745,1058.6165417990742,0,0,2
22256.587932332583,END_SERVICE,22109.572397290718,22256.587932332583,1812.0748210790152,814.276908251315,0,0,2
26680.336597193094,END_SERVICE,26460.547170606456,26680.336597193094,8170.019012400124,1990.654181986065,0,0,2
26713.780486557247,NEXT_ARRIVAL,26670.983186534864,26713.780486557247,8203.462901764276,2024.0980713502177,0,0,1
22957.88189020418,END_SERVICE,22800.324531238417,22957.88189020418,2992.4302213829324,1081.215449229603,0,0,1
22271.744175328975,END_SERVICE,22027.016459408384,22271.744175328975,1857.5435500681924,829.4331512477074,0,0,1
26766.388578684648,NEXT_ARRIVAL,26713.780486557247,26766.388578684648,8203.462901764276,2129.314255605019,0,0,2
23532.984585963954,NEXT_ARRIVAL,22925.238774894893,23532.984585963954,4717.738308662258,1081.215449229603,0,0,0
22394.97956518192,NEXT_ARRIVAL,22109.572397290718,22394.97956518192,2350.485109479967,829.4331512477074,0,0,0
23683.730943573068,NEXT_ARRIVAL,22800.324531238417,23683.730943573068,5019.231023880486,1231.9618068387172,0,0,1
22420.03258585229,NEXT_ARRIVAL,22394.97956518192,22420.03258585229,2425.644171491076,854.4861719180772,0,0,1
26885.75627783352,END_SERVICE,26670.983186534864,26885.75627783352,8203.462901764276,2368.0496539027627,0,1,3
26890.69201997011,END_SERVICE,26713.780486557247,26890.69201997011,8203.462901764276,2377.9211381759415,0,0,2
23747.11885429222,END_SERVICE,23532.984585963954,23747.11885429222,5082.618934599639,1358.7376282770238,0,0,2
22426.977285324923,NEXT_ARRIVAL,22420.03258585229,22426.977285324923,2439.533570436346,868.3755708633471,0,0,2
22448.093892382924,END_SERVICE,22420.03258585229,22448.093892382924,2460.6501774943463,931.7253920373478,0,0,3
27030.87437543116,END_SERVICE,26885.75627783352,27030.87437543116,8343.64525722533,2518.1034936369942,0,0,1
23951.843504586082,END_SERVICE,23683.730943573068,23951.843504586082,5492.068235187362,1563.4622785708852,0,0,1
22591.378507337446,NEXT_ARRIVAL,22057.953819747927,22591.378507337446,2747.2194074033905,1218.294621946392,0,0,2
24226.69144148544,NEXT_ARRIVAL,23532.984585963954,24226.69144148544,6316.612045885435,1563.4622785708852,0,0,0
27750.491531579766,NEXT_ARRIVAL,26766.388578684648,27750.491531579766,9782.879569522538,2518.1034936369942,0,0,0
22648.81497197498,END_SERVICE,22394.97956518192,22648.81497197498,2804.6558720409266,1390.6040158590004,0,0,3
27854.96685163052,NEXT_ARRIVAL,27750.491531579766,27854.96685163052,9887.354889573293,2622.578813687749,0,0,1
24229.512393616118,NEXT_ARRIVAL,23683.730943573068,24229.512393616118,6322.253950146791,1566.2832307015633,0,0,1
22655.776831135616,END_SERVICE,22426.977285324923,22655.776831135616,2818.5795903621947,1404.5277341802685,0,0,2
27866.747552161014,END_SERVICE,27750.491531579766,27866.747552161014,9887.354889573293,2646.140214748735,0,0,2
24265.960148269845,END_SERVICE,24229.512393616118,24265.960148269845,6358.701704800518,1639.178740009018,0,0,2
22830.246678495867,END_SERVICE,22591.378507337446,22830.246678495867,3341.989132442948,1578.9975815405196,0,0,1
24355.553989359287,END_SERVICE,24226.69144148544,24355.553989359287,6537.889386979401,1728.7725810984593,0,0,1
28062.05487317357,NEXT_ARRIVAL,27854.96685163052,28062.05487317357,10082.662210585848,2841.44753576129,0,0,1
22938.943924159095,NEXT_ARRIVAL,22426.977285324923,22938.943924159095,3776.7781150958617,1578.9975815405196,0,0,0
24576.799234989423,NEXT_ARRIVAL,24229.512393616118,24576.799234989423,7201.62512386981,1728.7725810984593,0,0,0
28068.04475718447,END_SERVICE,27854.96685163052,28068.04475718447,10082.662210585848,2853.4273037830935,0,0,2
28068.50418753878,NEXT_ARRIVAL,28062.05487317357,28068.50418753878,10083.121640940157,2853.8867341374025,0,0,1
23149.379940087503,NEXT_ARRIVAL,22938.943924159095,23149.379940087503,4408.086162881085,1789.4335974689275,0,0,1
24619.999974690058,END_SERVICE,24576.799234989423,24619.999974690058,7288.026603271079,1771.973320799094,0,0,1
28219.71708258543,END_SERVICE,28062.05487317357,28219.71708258543,10083.121640940157,3156.3125242307033,0,0,2
24742.313673624692,NEXT_ARRIVAL,24226.69144148544,24742.313673624692,7654.967700074983,1771.973320799094,0,0,0
23154.08660130668,NEXT_ARRIVAL,22027.016459408384,23154.08660130668,4417.49948531944,1798.8469199072824,0,0,2
28239.414897836403,END_SERVICE,28068.50418753878,28239.414897836403,10102.81945619113,3176.010339481676,0,0,1
24887.431771222335,END_SERVICE,24742.313673624692,24887.431771222335,7945.203895270268,1917.0914183967361,0,0,1
23158.733350745733,END_SERVICE,22938.943924159095,23158.733350745733,4422.146234758493,1812.7871682244404,0,0,3
24924.406017846948,NEXT_ARRIVAL,24742.313673624692,24924.406017846948,8056.126635144108,1917.0914183967361,0,0,0
28390.483058005666,NEXT_ARRIVAL,28068.50418753878,28390.483058005666,10404.955776529656,3176.010339481676,0,0,0
23192.177240109886,NEXT_ARRIVAL,23149.379940087503,23192.177240109886,4489.034013486798,1879.6749469527458,0,0,2
28561.20487534413,END_SERVICE,28390.483058005666,28561.20487534413,10575.67759386812,3346.7321568201405,0,0,1
23206.69469343408,NEXT_ARRIVAL,23154.08660130668,23206.69469343408,4503.551466810994,1923.2273069253315,0,0,3
25000.24290751836,END_SERVICE,24924.406017846948,25000.24290751836,8207.800414486934,1992.928308068149,0,0,1
29368.974184777613,NEXT_ARRIVAL,28390.483058005666,29368.974184777613,12191.216212735086,3346.7321568201405,0,0,0
25430.412663014038,NEXT_ARRIVAL,24924.406017846948,25430.412663014038,9498.309680973965,1992.928308068149,0,0,0
23311.170013484836,NEXT_ARRIVAL,23206.69469343408,23311.170013484836,4503.551466810994,2341.128587128351,0,0,4
29520.450472306235,NEXT_ARRIVAL,29368.974184777613,29520.450472306235,12342.692500263707,3498.208444348762,0,0,1
25557.84026296999,END_SERVICE,25430.412663014038,25557.84026296999,9753.164880885866,2120.3559080240993,0,0,1
23322.95071401533,END_SERVICE,23206.69469343408,23322.95071401533,4503.551466810994,2388.251389250323,0,1,5
23330.998134719543,END_SERVICE,23154.08660130668,23330.998134719543,4503.551466810994,2420.4410720671767,0,0,4
25560.90218788454,NEXT_ARRIVAL,24576.799234989423,25560.90218788454,9762.350655629525,2120.3559080240993,0,0,0
29557.167936717207,END_SERVICE,29368.974184777613,29557.167936717207,12342.692500263707,3571.6433731707075,0,0,2
29642.730066505785,END_SERVICE,29520.450472306235,29642.730066505785,12428.254630052284,3657.205502959285,0,0,1
25570.56171744804,END_SERVICE,25560.90218788454,25570.56171744804,9781.669714756521,2130.0154375875973,0,0,1
23364.15303138616,END_SERVICE,23149.379940087503,23364.15303138616,4536.70636347761,2519.9057620670246,0,0,3
29927.127124691582,NEXT_ARRIVAL,29520.450472306235,29927.127124691582,12997.04874642388,3657.205502959285,0,0,0
23443.038514735646,NEXT_ARRIVAL,23192.177240109886,23443.038514735646,4694.477330176585,2677.6767287660005,0,0,2
25716.126463349025,NEXT_ARRIVAL,25430.412663014038,25716.126463349025,10218.363952459476,2130.0154375875973,0,0,0
25885.54547860649,END_SERVICE,25716.126463349025,25885.54547860649,10557.20198297441,2299.434452845064,0,0,1
23449.487829100857,NEXT_ARRIVAL,23443.038514735646,23449.487829100857,4700.926644541796,2697.0246718616327,0,0,3
29947.944037437195,END_SERVICE,29927.127124691582,29947.944037437195,13017.865659169493,3678.022415704898,0,0,1
25887.771703810795,NEXT_ARRIVAL,25560.90218788454,25887.771703810795,10563.88065858732,2299.434452845064,0,0,0
30300.757367911316,NEXT_ARRIVAL,29927.127124691582,30300.757367911316,13723.492320117733,3678.022415704898,0,0,0
23450.37831397128,END_SERVICE,23322.95071401533,23450.37831397128,4700.926644541796,2700.586611343322,0,0,4
26042.372774076965,NEXT_ARRIVAL,25716.126463349025,26042.372774076965,10873.08279911966,2454.0355231112335,0,0,1
23451.14823940383,END_SERVICE,23192.177240109886,23451.14823940383,4701.696569974345,2702.896387640969,0,0,3
30381.067647724878,NEXT_ARRIVAL,30300.757367911316,30381.067647724878,13803.802599931296,3758.3326955184602,0,0,1
26143.777466464468,END_SERVICE,26042.372774076965,26143.777466464468,10974.487491507163,2656.8449078862395,0,0,2
30420.3836318944,END_SERVICE,30381.067647724878,30420.3836318944,13803.802599931296,3836.964663857507,0,0,2
23600.700724147508,END_SERVICE,23443.038514735646,23600.700724147508,5000.801539461703,3002.001357128327,0,0,2
26146.494748912428,END_SERVICE,25887.771703810795,26146.494748912428,10979.922056403084,2659.5621903342,0,0,1
23620.39853939848,END_SERVICE,23449.487829100857,23620.39853939848,5059.894985214622,3021.6991723793,0,0,1
30485.940027063396,END_SERVICE,30300.757367911316,30485.940027063396,13869.35899510029,3902.5210590265015,0,0,1
30509.91471621128,NEXT_ARRIVAL,30381.067647724878,30509.91471621128,13917.308373396056,3902.5210590265015,0,0,0
23771.466699567743,NEXT_ARRIVAL,23449.487829100857,23771.466699567743,5664.167625891674,3021.6991723793,0,0,0
26237.71379305451,NEXT_ARRIVAL,26042.372774076965,26237.71379305451,11253.579188829332,2659.5621903342,0,0,0
26258.83299366912,NEXT_ARRIVAL,26237.71379305451,26258.83299366912,11295.817590058548,2680.6813909488083,0,0,1
30612.451115502998,END_SERVICE,30509.91471621128,30612.451115502998,14019.844772687775,4005.0574583182206,0,0,1
23817.176658651926,NEXT_ARRIVAL,23311.170013484836,23817.176658651926,5801.297503144222,3067.4091314634825,0,0,1
23898.753932314175,NEXT_ARRIVAL,22591.378507337446,23898.753932314175,5964.452050468721,3230.563678787981,0,0,2
26277.118949751923,NEXT_ARRIVAL,25887.771703810795,26277.118949751923,11314.103546141352,2717.2533031144158,0,0,2
30797.020161632587,NEXT_ARRIVAL,30509.91471621128,30797.020161632587,14388.982864946953,4005.0574583182206,0,0,0
30919.722391162584,END_SERVICE,30797.020161632587,30919.722391162584,14511.68509447695,4127.759687848218,0,0,1
26324.048703546956,NEXT_ARRIVAL,26277.118949751923,26324.048703546956,11314.103546141352,2858.0425644995157,0,0,3
23942.188516906208,END_SERVICE,23771.466699567743,23942.188516906208,6007.886635060753,3360.8674325640786,0,0,3
26338.368661972276,END_SERVICE,26277.118949751923,26338.368661972276,11314.103546141352,2901.002439775475,0,1,4
23968.652946180548,NEXT_ARRIVAL,23817.176658651926,23968.652946180548,6060.815493609432,3413.796291112758,0,0,2
32311.549271039665,NEXT_ARRIVAL,30797.020161632587,32311.549271039665,17295.33885423111,4127.759687848218,0,0,0
23989.46985892616,END_SERVICE,23968.652946180548,23989.46985892616,6081.6324063550455,3476.247029349597,0,0,3
32343.626877229784,END_SERVICE,32311.549271039665,32343.626877229784,17327.41646042123,4159.837294038338,0,0,1
26430.164945181845,END_SERVICE,26237.71379305451,26430.164945181845,11314.103546141352,3176.3912894041823,0,0,3
24005.37041059152,END_SERVICE,23817.176658651926,24005.37041059152,6113.433509685765,3508.0481326803165,0,0,2
26440.905061263995,END_SERVICE,26338.368661972276,26440.905061263995,11324.843662223502,3197.8715215684824,0,0,2
32391.21178635487,NEXT_ARRIVAL,32311.549271039665,32391.21178635487,17422.586278671402,4159.837294038338,0,0,0
26442.973267137175,END_SERVICE,26258.83299366912,26442.973267137175,11328.980073969862,3199.9397274416624,0,0,1
24021.033526513726,END_SERVICE,23898.753932314175,24021.033526513726,6160.42285745238,3523.7112486025217,0,0,1
32439.24760023576,END_SERVICE,32391.21178635487,32439.24760023576,17470.622092552294,4207.873107919229,0,0,1
26452.895772033356,NEXT_ARRIVAL,26324.048703546956,26452.895772033356,11358.747588658407,3199.9397274416624,0,0,0
24305.430584699523,NEXT_ARRIVAL,23898.753932314175,24305.430584699523,7298.01109019557,3523.7112486025217,0,0,0
32751.18431282305,NEXT_ARRIVAL,32391.21178635487,32751.18431282305,18094.49551772687,4207.873107919229,0,0,0
26611.03265640378,END_SERVICE,26452.895772033356,26611.03265640378,11675.021357399251,3358.0766118120846,0,0,1
32823.98814263894,END_SERVICE,32751.18431282305,32823.98814263894,18167.29934754276,4280.676937735119,0,0,1
26636.43612098921,NEXT_ARRIVAL,26258.83299366912,26636.43612098921,11751.231751155541,3358.0766118120846,0,0,0
24342.28318940028,NEXT_ARRIVAL,23968.652946180548,24342.28318940028,7408.568904297845,3560.5638533032798,0,0,1
26649.18603774942,NEXT_ARRIVAL,26452.895772033356,26649.18603774942,11776.731584675963,3370.8265285722955,0,0,1
32964.684450388275,NEXT_ARRIVAL,32751.18431282305,32964.684450388275,18448.69196304143,4280.676937735119,0,0,0
24381.599173569804,END_SERVICE,24342.28318940028,24381.599173569804,7487.200872636891,3639.1958216423263,0,0,2
24385.740864513085,NEXT_ARRIVAL,24305.430584699523,24385.740864513085,7499.625945466734,3643.3375125856073,0,0,1
26673.032059251207,NEXT_ARRIVAL,26636.43612098921,26673.032059251207,11800.57760617775,3418.5185715758707,0,0,2
33023.54778433117,NEXT_ARRIVAL,32964.684450388275,33023.54778433117,18507.555296984323,4339.540271678012,0,0,1
24471.13025788668,NEXT_ARRIVAL,24342.28318940028,24471.13025788668,7670.404732213927,3814.1162993328,0,0,2
26708.996645917185,NEXT_ARRIVAL,26649.18603774942,26708.996645917185,11800.57760617775,3526.4123315738034,0,0,3
33035.10092954655,END_SERVICE,32964.684450388275,33035.10092954655,18507.555296984323,4362.646562108774,0,0,2
33057.86849859248,END_SERVICE,33023.54778433117,33057.86849859248,18530.322866030252,4385.414131154703,0,0,1
26710.030281863077,END_SERVICE,26649.18603774942,26710.030281863077,11800.57760617775,3529.5132394114808,0,1,4
24488.277263804805,END_SERVICE,24385.740864513085,24488.277263804805,7687.55173813205,3865.5573170871685,0,0,3
33386.692328862875,NEXT_ARRIVAL,33023.54778433117,33386.692328862875,19187.970526571047,4385.414131154703,0,0,0
24490.613243851603,END_SERVICE,24305.430584699523,24490.613243851603,7692.223698225647,3870.229277180766,0,0,2
26772.33944111968,NEXT_ARRIVAL,26673.032059251207,26772.33944111968,11800.57760617775,3716.4407171812854,0,0,3
26780.446761021347,END_SERVICE,26710.030281863077,26780.446761021347,11800.57760617775,3740.76267688629,0,1,4
33428.50085217252,END_SERVICE,33386.692328862875,33428.50085217252,19229.77904988069,4427.222654464345,0,0,1
24593.83248741668,END_SERVICE,24471.13025788668,24593.83248741668,8001.881428920875,3973.448520745842,0,0,1
24672.846309934394,NEXT_ARRIVAL,24385.740864513085,24672.846309934394,8317.936718991732,3973.448520745842,0,0,0
33461.111733782585,NEXT_ARRIVAL,33386.692328862875,33461.111733782585,19295.000813100825,4427.222654464345,0,0,0
26814.76747528266,END_SERVICE,26780.446761021347,26814.76747528266,11800.57760617775,3843.724819670231,0,0,3
24704.923916124513,END_SERVICE,24672.846309934394,24704.923916124513,8414.169537562091,4005.5261269359617,0,0,1
26831.202775062568,NEXT_ARRIVAL,26772.33944111968,26831.202775062568,11817.012905957657,3876.595419230045,0,0,2
33564.99836048646,END_SERVICE,33461.111733782585,33564.99836048646,19398.8874398047,4531.109281168221,0,0,1
24749.95782633969,NEXT_ARRIVAL,23771.466699567743,24749.95782633969,8594.305178422801,4005.5261269359617,0,0,0
26853.494538049275,END_SERVICE,26673.032059251207,26853.494538049275,11817.012905957657,3943.470708190169,0,0,3
34046.02449538712,NEXT_ARRIVAL,33461.111733782585,34046.02449538712,20360.939709606024,4531.109281168221,0,0,0
24752.5088252496,NEXT_ARRIVAL,24672.846309934394,24752.5088252496,8601.958175152526,4008.07712584587,0,0,1
34076.77095591992,END_SERVICE,34046.02449538712,34076.77095591992,20391.686170138822,4561.85574170102,0,0,1
26881.76494733459,NEXT_ARRIVAL,26831.202775062568,26881.76494733459,11845.28331524297,4000.0115267607944,0,0,2
26907.175544363417,END_SERVICE,26636.43612098921,26907.175544363417,11845.28331524297,4076.243317847282,0,0,3
34664.76292968143,NEXT_ARRIVAL,34046.02449538712,34664.76292968143,21567.670117661834,4561.85574170102,0,0,0
24797.993640220582,END_SERVICE,24749.95782633969,24797.993640220582,8692.927805094492,4099.046755787836,0,0,2
26922.49678348241,NEXT_ARRIVAL,26708.996645917185,26922.49678348241,11860.604554361962,4106.885796085266,0,0,2
24825.312655065485,END_SERVICE,24752.5088252496,24825.312655065485,8774.884849629201,4126.365770632739,0,0,1
34695.23934797503,END_SERVICE,34664.76292968143,34695.23934797503,21598.14653595544,4592.332159994625,0,0,1
24966.008962814823,NEXT_ARRIVAL,24752.5088252496,24966.008962814823,9337.670080626554,4126.365770632739,0,0,0
35939.43362292099,NEXT_ARRIVAL,34664.76292968143,35939.43362292099,24086.53508584735,4592.332159994625,0,0,0
26939.298679864176,END_SERVICE,26881.76494733459,26939.298679864176,11860.604554361962,4157.291485230566,0,0,3
36070.227331988666,END_SERVICE,35939.43362292099,36070.227331988666,24217.32879491503,4723.1258690623035,0,0,1
26957.226044948362,NEXT_ARRIVAL,26922.49678348241,26957.226044948362,11878.531919446148,4193.146215398938,0,0,2
25024.872296757712,NEXT_ARRIVAL,24966.008962814823,25024.872296757712,9514.260082455221,4185.229104575628,0,0,1
37218.488861441634,NEXT_ARRIVAL,35939.43362292099,37218.488861441634,26513.851853820965,4723.1258690623035,0,0,0
25036.425441973093,END_SERVICE,24966.008962814823,25036.425441973093,9537.366372885983,4208.33539500639,0,0,2
26991.57787110214,NEXT_ARRIVAL,26957.226044948362,26991.57787110214,11878.531919446148,4296.201693860276,0,0,3
37506.474935434926,END_SERVICE,37218.488861441634,37506.474935434926,26801.837927814257,5011.1119430555955,0,0,1
25059.193011019026,END_SERVICE,25024.872296757712,25059.193011019026,9605.669080023781,4231.102964052323,0,0,1
27012.53264361788,END_SERVICE,26831.202775062568,27012.53264361788,11878.531919446148,4359.066011407493,0,1,4
25109.93035280787,NEXT_ARRIVAL,24749.95782633969,25109.93035280787,9808.61844717916,4231.102964052323,0,0,0
27038.169695624892,NEXT_ARRIVAL,26881.76494733459,27038.169695624892,11878.531919446148,4435.977167428529,0,0,3
37702.41715672885,NEXT_ARRIVAL,37218.488861441634,37702.41715672885,27193.722370402105,5011.1119430555955,0,0,0
27143.326352685555,END_SERVICE,27012.53264361788,27143.326352685555,11878.531919446148,4751.447138610518,0,1,4
37727.03299280246,END_SERVICE,37702.41715672885,37727.03299280246,27218.338206475713,5035.727779129204,0,0,1
25151.738876117513,END_SERVICE,25109.93035280787,25151.738876117513,9934.044017108088,4272.911487361966,0,0,1
37822.084845035635,NEXT_ARRIVAL,37702.41715672885,37822.084845035635,27408.441910942067,5035.727779129204,0,0,0
27148.165630483563,END_SERVICE,26922.49678348241,27148.165630483563,11878.531919446148,4765.964972004542,0,0,3
25184.349757727585,NEXT_ARRIVAL,25109.93035280787,25184.349757727585,10064.487543548374,4272.911487361966,0,0,0
37884.418363936486,END_SERVICE,37822.084845035635,37884.418363936486,27470.775429842917,5098.061298030054,0,0,1
25288.236384431464,END_SERVICE,25184.349757727585,25288.236384431464,10376.147423660012,4376.798114065845,0,0,1
27187.459470190566,END_SERVICE,26957.226044948362,27187.459470190566,11917.825759153151,4844.552651418548,0,0,2
25388.01684128942,NEXT_ARRIVAL,25024.872296757712,25388.01684128942,10775.269251091835,4376.798114065845,0,0,0
37948.50823630651,NEXT_ARRIVAL,37822.084845035635,37948.50823630651,27598.955174582963,5098.061298030054,0,0,0
27310.793105787303,END_SERVICE,27143.326352685555,27310.793105787303,12164.493030346624,4967.886287015284,0,0,1
28266.248564341702,NEXT_ARRIVAL,26991.57787110214,28266.248564341702,15030.859406009822,4967.886287015284,0,0,0
38010.1578622516,END_SERVICE,37948.50823630651,38010.1578622516,27660.604800528057,5159.710923975148,0,0,1
25418.76330182222,END_SERVICE,25388.01684128942,25418.76330182222,10867.508632690231,4407.5445745986435,0,0,1
38086.28058111365,NEXT_ARRIVAL,37948.50823630651,38086.28058111365,27812.85023825215,5159.710923975148,0,0,0
25769.26251933212,NEXT_ARRIVAL,25184.349757727585,25769.26251933212,12269.50550272983,4407.5445745986435,0,0,0
28279.840507186094,NEXT_ARRIVAL,28266.248564341702,28279.840507186094,15058.043291698606,4981.4782298596765,0,0,1
28317.224934145535,NEXT_ARRIVAL,27038.169695624892,28317.224934145535,15095.427718658048,5056.247083778559,0,0,2
25799.738937625727,END_SERVICE,25769.26251933212,25799.738937625727,12360.934757610656,4438.020992892252,0,0,1
38110.147643850425,NEXT_ARRIVAL,38086.28058111365,38110.147643850425,27836.717300988927,5183.577986711924,0,0,1
38285.53143135968,END_SERVICE,38086.28058111365,38285.53143135968,27836.717300988927,5534.345561730439,0,0,2
25985.65936729376,NEXT_ARRIVAL,24471.13025788668,25985.65936729376,13104.616476282787,4438.020992892252,0,0,0
28323.379806087436,NEXT_ARRIVAL,28279.840507186094,28323.379806087436,15095.427718658048,5074.7116996042605,0,0,3
38411.14276013345,NEXT_ARRIVAL,38110.147643850425,38411.14276013345,27962.328629762695,5659.956890504207,0,0,1
26006.755275583724,NEXT_ARRIVAL,25388.01684128942,26006.755275583724,13167.90420115268,4459.116901182217,0,0,1
28360.19707233003,NEXT_ARRIVAL,28317.224934145535,28360.19707233003,15095.427718658048,5185.16349833204,0,1,4
28360.591937999045,END_SERVICE,28279.840507186094,28360.591937999045,15095.427718658048,5186.348095339086,0,2,5
38438.93266262911,END_SERVICE,38110.147643850425,38438.93266262911,27962.328629762695,5715.536695495521,0,0,2
26116.453076361435,END_SERVICE,25985.65936729376,26116.453076361435,13387.299802708101,4678.512502737638,0,0,2
26174.22202868547,END_SERVICE,26006.755275583724,26174.22202868547,13560.606659680212,4736.281455061675,0,0,1
38541.07810711486,END_SERVICE,38411.14276013345,38541.07810711486,28064.474074248446,5817.6821399812725,0,0,1
28382.464934340882,END_SERVICE,28360.591937999045,28382.464934340882,15095.427718658048,5251.967084364598,0,1,4
26463.798665577207,NEXT_ARRIVAL,26006.755275583724,26463.798665577207,14718.913207247155,4736.281455061675,0,0,0
28401.566605132324,END_SERVICE,28317.224934145535,28401.566605132324,15095.427718658048,5309.272096738925,0,0,3
38677.81598270493,NEXT_ARRIVAL,38411.14276013345,38677.81598270493,28337.94982542859,5817.6821399812725,0,0,0
26478.95076239753,END_SERVICE,26463.798665577207,26478.95076239753,14764.369497708121,4751.433551881997,0,0,1
38727.92468451406,END_SERVICE,38677.81598270493,38727.92468451406,28388.058527237717,5867.7908417904,0,0,1
28453.498131738626,NEXT_ARRIVAL,28323.379806087436,28453.498131738626,15147.35924526435,5413.1351499515295,0,0,2
26576.818148978058,NEXT_ARRIVAL,26463.798665577207,26576.818148978058,15155.839044030236,4751.433551881997,0,0,0
28469.910068366284,END_SERVICE,28266.248564341702,28469.910068366284,15147.35924526435,5462.370959834501,0,0,3
38986.65841381969,NEXT_ARRIVAL,38677.81598270493,38986.65841381969,28905.525985848984,5867.7908417904,0,0,0
28542.05776365311,NEXT_ARRIVAL,28360.19707233003,28542.05776365311,15219.506940551175,5606.666350408152,0,0,2
26613.783477015928,END_SERVICE,26576.818148978058,26613.783477015928,15266.735028143845,4788.398879919867,0,0,1
39124.74008957897,NEXT_ARRIVAL,38986.65841381969,39124.74008957897,29043.60766160826,6005.872517549677,0,0,1
26696.218018511656,NEXT_ARRIVAL,26576.818148978058,26696.218018511656,15596.473194126756,4788.398879919867,0,0,0
39175.61914662589,NEXT_ARRIVAL,39124.74008957897,39175.61914662589,29043.60766160826,6107.630631643518,0,0,2
28558.359177295053,NEXT_ARRIVAL,28453.498131738626,28558.359177295053,15219.506940551175,5655.570591333984,0,0,3
26732.787831394464,END_SERVICE,26696.218018511656,26732.787831394464,15706.18263277518,4824.968692802675,0,0,1
39425.708723411175,END_SERVICE,38986.65841381969,39425.708723411175,29043.60766160826,6607.809785214089,0,1,3
28573.526901923648,END_SERVICE,28382.464934340882,28573.526901923648,15219.506940551175,5701.073765219768,0,1,4
39441.856362490056,END_SERVICE,39124.74008957897,39441.856362490056,29043.60766160826,6640.105063371851,0,0,2
26826.336344162846,NEXT_ARRIVAL,26696.218018511656,26826.336344162846,16080.37668384871,4824.968692802675,0,0,0
28575.598870304395,NEXT_ARRIVAL,28542.05776365311,28575.598870304395,15219.506940551175,5707.28967036201,0,0,3
39566.82620028739,END_SERVICE,39425.708723411175,39566.82620028739,29168.577499405594,6765.074901169184,0,0,1
28610.66690531283,END_SERVICE,28453.498131738626,28610.66690531283,15219.506940551175,5812.49377538732,0,1,4
26848.8774589698,NEXT_ARRIVAL,26826.336344162846,26848.8774589698,16148.000028269573,4847.509807609629,0,0,1
39629.195326220666,NEXT_ARRIVAL,39175.61914662589,39629.195326220666,29293.31575127215,6765.074901169184,0,0,0
39720.85922437118,END_SERVICE,39629.195326220666,39720.85922437118,29384.979649422665,6856.738799319701,0,0,1
26942.484940695813,END_SERVICE,26826.336344162846,26942.484940695813,16335.214991721597,5034.724771061654,0,0,2
28687.552767010086,END_SERVICE,28542.05776365311,28687.552767010086,15219.506940551175,6043.151360479082,0,0,3
27039.939426552566,END_SERVICE,26848.8774589698,27039.939426552566,16627.578449291857,5132.179256918407,0,0,1
28706.009341854824,NEXT_ARRIVAL,28575.598870304395,28706.009341854824,15237.963515395913,6080.064510168559,0,0,2
39947.121782884926,NEXT_ARRIVAL,39629.195326220666,39947.121782884926,29837.50476645015,6856.738799319701,0,0,0
39962.853856389826,END_SERVICE,39947.121782884926,39962.853856389826,29853.23683995505,6872.4708728246005,0,0,1
28746.098552264455,END_SERVICE,28706.009341854824,28746.098552264455,15237.963515395913,6200.332141397452,0,0,3
27043.93321257168,NEXT_ARRIVAL,25769.26251933212,27043.93321257168,16643.55359336831,5132.179256918407,0,0,0
40582.788570832214,NEXT_ARRIVAL,39947.121782884926,40582.788570832214,31093.106268839827,6872.4708728246005,0,0,0
27119.994640796944,END_SERVICE,27043.93321257168,27119.994640796944,16871.737878044103,5208.240685143672,0,0,1
28794.98049832565,END_SERVICE,28610.66690531283,28794.98049832565,15286.84546145711,6298.096033519843,0,0,2
28828.358489044993,END_SERVICE,28573.526901923648,28828.358489044993,15353.601442895793,6331.474024239185,0,0,1
40591.344784547466,END_SERVICE,40582.788570832214,40591.344784547466,31101.66248255508,6881.0270865398525,0,0,1
27133.150624348214,NEXT_ARRIVAL,26848.8774589698,27133.150624348214,16924.361812249186,5208.240685143672,0,0,0
40990.53685913982,NEXT_ARRIVAL,40582.788570832214,40990.53685913982,31900.04663173979,6881.0270865398525,0,0,0
28850.043695570104,NEXT_ARRIVAL,28558.359177295053,28850.043695570104,15418.657062471128,6331.474024239185,0,0,0
27163.04598568014,END_SERVICE,27133.150624348214,27163.04598568014,17014.04789624496,5238.136046475596,0,0,1
28918.842844075323,NEXT_ARRIVAL,28850.043695570104,28918.842844075323,15556.255359481565,6400.273172744404,0,0,1
41122.622571458094,END_SERVICE,40990.53685913982,41122.622571458094,32032.132344058064,7013.112798858125,0,0,1
27264.714605814403,NEXT_ARRIVAL,25985.65936729376,27264.714605814403,17420.722376782014,5238.136046475596,0,0,0
41468.88969597883,NEXT_ARRIVAL,40990.53685913982,41468.88969597883,32724.66659309954,7013.112798858125,0,0,0
28925.749078553356,NEXT_ARRIVAL,28918.842844075323,28925.749078553356,15563.161593959598,6414.085641700469,0,0,2
27295.79125611141,NEXT_ARRIVAL,27043.93321257168,27295.79125611141,17513.952327673036,5269.2126967726035,0,0,1
41571.857247888714,NEXT_ARRIVAL,41468.88969597883,41571.857247888714,32827.63414500942,7116.080350768007,0,0,1
28927.349300307393,NEXT_ARRIVAL,28925.749078553356,28927.349300307393,15563.161593959598,6418.88630696258,0,0,3
27343.843698877947,NEXT_ARRIVAL,27295.79125611141,27343.843698877947,17610.05721320611,5365.317582305677,0,0,2
28932.572074218,END_SERVICE,28850.043695570104,28932.572074218,15563.161593959598,6434.554628694397,0,1,4
41846.48610279366,END_SERVICE,41571.857247888714,41846.48610279366,32827.63414500942,7665.338060577891,0,0,2
27395.12507736483,NEXT_ARRIVAL,27264.714605814403,27395.12507736483,17661.338591692995,5519.161717766332,0,0,3
29009.877121159454,END_SERVICE,28932.572074218,29009.877121159454,15563.161593959598,6666.469769518764,0,0,3
41894.629965619155,NEXT_ARRIVAL,41571.857247888714,41894.629965619155,32875.77800783492,7713.481923403389,0,0,1
27424.835142623266,NEXT_ARRIVAL,27133.150624348214,27424.835142623266,17661.338591692995,5638.001978800068,0,0,4
41923.25468258551,END_SERVICE,41468.88969597883,41923.25468258551,32875.77800783492,7770.731357336099,0,0,2
29081.373182031635,END_SERVICE,28918.842844075323,29081.373182031635,15634.657654831779,6809.461891263127,0,0,2
27431.741377101298,NEXT_ARRIVAL,27424.835142623266,27431.741377101298,17661.338591692995,5665.626916712197,0,1,5
41985.5011639802,NEXT_ARRIVAL,41894.629965619155,41985.5011639802,32938.02448922961,7832.977838730792,0,0,1
29134.386844805445,NEXT_ARRIVAL,28706.009341854824,29134.386844805445,15740.6849803794,6862.475554036937,0,0,1
27449.053015412486,END_SERVICE,27395.12507736483,27449.053015412486,17661.338591692995,5734.87346995695,0,2,6
29153.557760220716,END_SERVICE,28925.749078553356,29153.557760220716,15759.85589579467,6900.817384867478,0,0,2
42167.44045295539,END_SERVICE,41894.629965619155,42167.44045295539,32938.02448922961,8196.85641668116,0,0,2
27454.917366286852,END_SERVICE,27449.053015412486,27454.917366286852,17661.338591692995,5758.330873454415,0,1,5
27460.00611661056,NEXT_ARRIVAL,27343.843698877947,27460.00611661056,17661.338591692995,5778.685874749241,0,0,4
29312.444905931243,NEXT_ARRIVAL,28927.349300307393,29312.444905931243,16077.630187215724,7059.704530578005,0,0,1
42198.84581391975,NEXT_ARRIVAL,41985.5011639802,42198.84581391975,32969.42985019397,8228.261777645519,0,0,1
29336.952539142396,END_SERVICE,29134.386844805445,29336.952539142396,16102.137820426877,7108.719797000311,0,0,2
27480.10484912423,END_SERVICE,27295.79125611141,27480.10484912423,17661.338591692995,5859.080804803922,0,1,5
42435.471103742515,END_SERVICE,41985.5011639802,42435.471103742515,32969.42985019397,8701.512357291056,0,0,2
27519.546192935748,END_SERVICE,27264.714605814403,27519.546192935748,17661.338591692995,6016.846180049997,0,0,4
29384.026664886864,END_SERVICE,29312.444905931243,29384.026664886864,16196.286071915812,7155.793922744779,0,0,1
42599.3036918223,END_SERVICE,42198.84581391975,42599.3036918223,33133.262438273756,8865.344945370842,0,0,1
42631.65169553975,NEXT_ARRIVAL,42198.84581391975,42631.65169553975,33197.95844570866,8865.344945370842,0,0,0
27541.329125130953,END_SERVICE,27343.843698877947,27541.329125130953,17683.1215238882,6082.194976635612,0,0,3
29604.298513811777,NEXT_ARRIVAL,29312.444905931243,29604.298513811777,16857.10161869055,7155.793922744779,0,0,0
42776.5083398579,END_SERVICE,42631.65169553975,42776.5083398579,33342.81509002681,9010.20158968899,0,0,1
29768.317644645344,END_SERVICE,29604.298513811777,29768.317644645344,17185.139880357685,7319.813053578346,0,0,1
27567.011483417893,NEXT_ARRIVAL,27460.00611661056,27567.011483417893,17734.48624046208,6133.559693209492,0,0,2
29893.033593157346,NEXT_ARRIVAL,29604.298513811777,29893.033593157346,17559.287725893693,7319.813053578346,0,0,0
27642.033025149973,END_SERVICE,27454.917366286852,27642.033025149973,17809.50778219416,6358.624318405731,0,0,3
43236.78368925653,NEXT_ARRIVAL,42631.65169553975,43236.78368925653,34263.36578882407,9010.20158968899,0,0,0
43368.58981142868,END_SERVICE,43236.78368925653,43368.58981142868,34395.17191099622,9142.00771186114,0,0,1
27664.258615777224,NEXT_ARRIVAL,27567.011483417893,27664.258615777224,17853.958963448662,6403.075499660234,0,0,2
29957.702784378485,END_SERVICE,29893.033593157346,29957.702784378485,17688.62610833597,7384.482244799485,0,0,1
44248.29588750002,NEXT_ARRIVAL,43236.78368925653,44248.29588750002,36154.58406313889,9142.00771186114,0,0,0
30247.935527039896,NEXT_ARRIVAL,29134.386844805445,30247.935527039896,18559.324336320202,7384.482244799485,0,0,0
27682.67054346118,END_SERVICE,27480.10484912423,27682.67054346118,17872.370891132618,6458.3112827121,0,0,3
44437.943360278674,END_SERVICE,44248.29588750002,44437.943360278674,36344.23153591755,9331.655184639796,0,0,1
27695.3889531033,NEXT_ARRIVAL,27395.12507736483,27695.3889531033,17897.807710416855,6483.748101996338,0,0,2
30372.932977740264,END_SERVICE,30247.935527039896,30372.932977740264,18809.319237720938,7509.479695499853,0,0,1
30884.911900269362,NEXT_ARRIVAL,30247.935527039896,30884.911900269362,20345.256005308234,7509.479695499853,0,0,0
27781.2117515554,NEXT_ARRIVAL,27695.3889531033,27781.2117515554,17983.630508868955,6741.216497352638,0,0,3
45262.340360493734,NEXT_ARRIVAL,44248.29588750002,45262.340360493734,37993.02553634767,9331.655184639796,0,0,0
45486.817374767576,END_SERVICE,45262.340360493734,45486.817374767576,38217.50255062151,9556.132198913638,0,0,1
27824.000501215916,END_SERVICE,27664.258615777224,27824.000501215916,17983.630508868955,6912.37149599471,0,0,4
30930.809372852505,NEXT_ARRIVAL,29893.033593157346,30930.809372852505,20437.05095047452,7555.377168082996,0,0,1
31004.938745193253,NEXT_ARRIVAL,30884.911900269362,31004.938745193253,20511.180322815268,7703.63591276449,0,0,2
45875.99726040034,NEXT_ARRIVAL,45262.340360493734,45875.99726040034,38995.86232188704,9556.132198913638,0,0,0
27830.699992961665,END_SERVICE,27567.011483417893,27830.699992961665,17990.330000614704,6932.469971231956,0,0,3
31077.860684734107,END_SERVICE,30884.911900269362,31077.860684734107,20511.180322815268,7922.401731387054,0,0,3
46040.616858162495,END_SERVICE,45875.99726040034,46040.616858162495,39160.481919649195,9720.751796675791,0,0,1
27854.079223775607,END_SERVICE,27695.3889531033,27854.079223775607,18037.088462242587,6979.22843285984,0,0,2
31102.515748219026,NEXT_ARRIVAL,30930.809372852505,31102.515748219026,20535.835386300187,7971.711858356892,0,0,2
47360.59467583495,NEXT_ARRIVAL,45875.99726040034,47360.59467583495,41800.43755499411,9720.751796675791,0,0,0
27969.09951585597,NEXT_ARRIVAL,27664.258615777224,27969.09951585597,18382.14933848368,7094.248724940204,0,0,1
27982.703920942746,NEXT_ARRIVAL,27781.2117515554,27982.703920942746,18409.35814865723,7121.457535113754,0,0,2
31154.54071176379,END_SERVICE,30930.809372852505,31154.54071176379,20535.835386300187,8127.786748991188,0,0,3
28032.09334349596,NEXT_ARRIVAL,27431.741377101298,28032.09334349596,18458.747571210442,7269.625802773393,0,0,3
31246.793403079377,END_SERVICE,31004.938745193253,31246.793403079377,20628.088077615772,8312.292131622358,0,0,2
28042.358477886577,END_SERVICE,27781.2117515554,28042.358477886577,18458.747571210442,7310.686340335866,0,0,4
31300.92092350182,NEXT_ARRIVAL,31004.938745193253,31300.92092350182,20736.34311846066,8366.419652044802,0,0,1
31344.540629105682,END_SERVICE,31102.515748219026,31344.540629105682,20779.96282406452,8453.659063252526,0,0,2
28067.39476869951,END_SERVICE,27982.703920942746,28067.39476869951,18483.783862023374,7385.795212774661,0,0,3
31500.810143428855,END_SERVICE,31300.92092350182,31500.810143428855,21092.501852710866,8609.928577575698,0,0,1
28143.460444333825,END_SERVICE,28032.09334349596,28143.460444333825,18635.915213292006,7537.926564043293,0,0,2
28201.61197909227,END_SERVICE,27969.09951585597,28201.61197909227,18810.369817567345,7596.0780988017395,0,0,1
31503.505944069868,NEXT_ARRIVAL,31102.515748219026,31503.505944069868,21100.589254633906,8609.928577575698,0,0,0
31537.492739424186,NEXT_ARRIVAL,31300.92092350182,31537.492739424186,21168.56284534254,8643.915372930016,0,0,1
28377.860626274865,NEXT_ARRIVAL,27969.09951585597,28377.860626274865,19515.364406297722,7596.0780988017395,0,0,0
28538.97997268952,END_SERVICE,28377.860626274865,28538.97997268952,19998.72244554169,7757.197445216396,0,0,1
31656.224188349446,END_SERVICE,31537.492739424186,31656.224188349446,21287.294294267802,8881.378270780537,0,0,2
28554.21747056415,NEXT_ARRIVAL,27982.703920942746,28554.21747056415,20059.672437040197,7757.197445216396,0,0,0
31765.55058439179,END_SERVICE,31503.505944069868,31765.55058439179,21505.947086352488,8990.70466682288,0,0,1
28745.29545182439,END_SERVICE,28554.21747056415,28745.29545182439,20632.90638082092,7948.275426476637,0,0,1
31854.509716388347,NEXT_ARRIVAL,31537.492739424186,31854.509716388347,21772.824482342163,8990.70466682288,0,0,0
28756.12312750182,NEXT_ARRIVAL,28032.09334349596,28756.12312750182,20676.21708353065,7948.275426476637,0,0,0
31854.656930276647,NEXT_ARRIVAL,31503.505944069868,31854.656930276647,21773.118910118763,8990.85188071118,0,0,1
28895.714743823224,END_SERVICE,28756.12312750182,28895.714743823224,21094.991932494857,8087.86704279804,0,0,1
31864.2778688971,END_SERVICE,31854.509716388347,31864.2778688971,21782.739848739217,9010.093757952087,0,0,2
28993.466619970983,NEXT_ARRIVAL,28554.21747056415,28993.466619970983,21485.99943708589,8087.86704279804,0,0,0
31971.14080136609,NEXT_ARRIVAL,31854.656930276647,31971.14080136609,21996.465713677197,9116.956690421077,0,0,1
29103.702985891417,NEXT_ARRIVAL,28377.860626274865,29103.702985891417,21816.708534847196,8198.103408718474,0,0,1
31976.544970001058,NEXT_ARRIVAL,31854.509716388347,31976.544970001058,22001.869882312163,9127.76502769101,0,0,2
29110.2921107462,NEXT_ARRIVAL,29103.702985891417,29110.2921107462,21829.88678455676,8211.281658428037,0,0,2
32017.624071274236,END_SERVICE,31976.544970001058,32017.624071274236,22001.869882312163,9251.002331510546,0,0,3
29171.473860917547,END_SERVICE,28993.466619970983,29171.473860917547,21891.068534728107,8394.826908942083,0,0,3
32037.021858717304,END_SERVICE,31854.656930276647,32037.021858717304,22021.26766975523,9289.797906396681,0,0,2
29180.941259337404,NEXT_ARRIVAL,28993.466619970983,29180.941259337404,21910.00333156782,8413.761705781795,0,0,2
32096.981174057037,NEXT_ARRIVAL,31976.544970001058,32096.981174057037,22141.186300434696,9349.757221736414,0,0,1
32142.15381593261,END_SERVICE,31971.14080136609,32142.15381593261,22186.358942310268,9440.102505487557,0,0,2
29196.097161632155,END_SERVICE,29110.2921107462,29196.097161632155,21925.15923386257,8459.229412666049,0,0,3
29263.65045663096,END_SERVICE,29180.941259337404,29263.65045663096,22060.26582386018,8594.336002663658,0,0,2
32161.527566592376,NEXT_ARRIVAL,31971.14080136609,32161.527566592376,22225.106443629804,9459.476256147325,0,0,1
32255.055625561567,END_SERVICE,32096.981174057037,32255.055625561567,22318.634502598994,9646.532374085706,0,0,2
29271.586486659642,END_SERVICE,29103.702985891417,29271.586486659642,22084.073913946228,8602.27203269234,0,0,1
29477.260977407564,NEXT_ARRIVAL,29110.2921107462,29477.260977407564,22906.771876937917,8602.27203269234,0,0,0
32320.7761263501,END_SERVICE,32161.527566592376,32320.7761263501,22450.075504176064,9712.25287487424,0,0,1
29508.1487801592,NEXT_ARRIVAL,29180.941259337404,29508.1487801592,22999.435285192827,8633.159835443977,0,0,1
32400.84905926032,NEXT_ARRIVAL,32096.981174057037,32400.84905926032,22690.294302906717,9712.25287487424,0,0,0
29526.756128366756,NEXT_ARRIVAL,29477.260977407564,29526.756128366756,23036.649981607938,8670.374531859088,0,0,2
32521.590761960586,NEXT_ARRIVAL,32161.527566592376,32521.590761960586,22931.77770830725,9832.994577574507,0,0,1
32581.040906773673,END_SERVICE,32400.84905926032,32581.040906773673,22991.227853120337,9951.89486720068,0,0,2
29593.06726206938,END_SERVICE,29508.1487801592,29593.06726206938,23102.96111531056,8869.30793296696,0,0,3
29597.315525511232,END_SERVICE,29477.260977407564,29597.315525511232,23111.457642194266,8877.804459850664,0,0,2
32592.816630209494,NEXT_ARRIVAL,32400.84905926032,32592.816630209494,23014.77929999198,9963.670590636502,0,0,1
32677.369541644242,NEXT_ARRIVAL,32521.590761960586,32677.369541644242,23099.33221142673,10132.776413505999,0,0,2
29690.460436788053,END_SERVICE,29526.756128366756,29690.460436788053,23390.892376024727,8970.949371127484,0,0,1
29795.07086016441,NEXT_ARRIVAL,29508.1487801592,29795.07086016441,23809.33406953016,8970.949371127484,0,0,0
32714.78197863577,END_SERVICE,32592.816630209494,32714.78197863577,23099.33221142673,10245.013724480577,0,0,3
32767.603863825403,END_SERVICE,32521.590761960586,32767.603863825403,23152.154096616363,10350.657494859846,0,0,2
29817.14323292044,NEXT_ARRIVAL,29526.756128366756,29817.14323292044,23875.551187798246,8993.021743883513,0,0,1
29818.7823301287,NEXT_ARRIVAL,28756.12312750182,29818.7823301287,23878.829382214764,8996.299938300031,0,0,2
32899.053397074684,END_SERVICE,32677.369541644242,32899.053397074684,23415.053163114924,10482.107028109127,0,0,1
33091.15616774213,NEXT_ARRIVAL,32677.369541644242,33091.15616774213,23991.361475117254,10482.107028109127,0,0,0
29922.355714876496,END_SERVICE,29818.7823301287,29922.355714876496,23982.40276696256,9307.020092543422,0,0,3
33122.74426168871,END_SERVICE,33091.15616774213,33122.74426168871,24054.537663010426,10513.695122055713,0,0,1
29937.911275029746,END_SERVICE,29817.14323292044,29937.911275029746,24013.513887269062,9338.131212849923,0,0,2
33349.287603653975,NEXT_ARRIVAL,32592.816630209494,33349.287603653975,24734.16768890621,10513.695122055713,0,0,0
29975.558244927342,END_SERVICE,29795.07086016441,29975.558244927342,24126.45479696185,9375.77818274752,0,0,1
30013.41926119114,NEXT_ARRIVAL,29818.7823301287,30013.41926119114,24277.898862017035,9375.77818274752,0,0,0
33546.21135838357,END_SERVICE,33349.287603653975,33546.21135838357,25128.015198365396,10710.618876785305,0,0,1
33947.71209518931,NEXT_ARRIVAL,33091.15616774213,33947.71209518931,26332.51740878262,10710.618876785305,0,0,0
30154.059722847225,NEXT_ARRIVAL,29795.07086016441,30154.059722847225,24699.820246985295,9516.418644403606,0,0,1
30189.968021961344,NEXT_ARRIVAL,30154.059722847225,30189.968021961344,24771.636845213532,9588.235242631843,0,0,2
33992.554040184565,END_SERVICE,33947.71209518931,33992.554040184565,26422.201298773132,10755.460821780562,0,0,1
30258.187462996208,END_SERVICE,30013.41926119114,30258.187462996208,24839.856286248396,9792.893565736435,0,0,3
34636.52108472158,NEXT_ARRIVAL,33947.71209518931,34636.52108472158,28354.102432384174,10755.460821780562,0,0,0
34684.87555724189,END_SERVICE,34636.52108472158,34684.87555724189,28450.811377424794,10803.815294300872,0,0,1
30348.19580173714,END_SERVICE,30154.059722847225,30348.19580173714,25019.87296373026,9972.910243218299,0,0,2
30442.15710536437,END_SERVICE,30189.968021961344,30442.15710536437,25301.756874611954,10066.87154684553,0,0,1
34961.54966604219,NEXT_ARRIVAL,34636.52108472158,34961.54966604219,29280.833703825705,10803.815294300872,0,0,0
34999.49067282406,END_SERVICE,34961.54966604219,34999.49067282406,29356.71571738944,10841.75630108274,0,0,1
30571.324432860154,NEXT_ARRIVAL,30013.41926119114,30571.324432860154,25818.426184595086,10066.87154684553,0,0,0
30588.478782416943,NEXT_ARRIVAL,29817.14323292044,30588.478782416943,25869.889233265454,10084.02589640232,0,0,1
35602.08549200118,NEXT_ARRIVAL,34961.54966604219,35602.08549200118,31164.50017492079,10841.75630108274,0,0,0
30615.85458182087,NEXT_ARRIVAL,30189.968021961344,30615.85458182087,25924.640832073306,10138.777495210172,0,0,2
35649.52147322748,NEXT_ARRIVAL,33349.287603653975,35649.52147322748,31259.372137373404,10889.192282309046,0,0,1
30626.360262337563,NEXT_ARRIVAL,30571.324432860154,30626.360262337563,25935.14651259,10170.294536760252,0,0,3
35673.891105802475,NEXT_ARRIVAL,35649.52147322748,35673.891105802475,31283.741769948396,10937.93154745903,0,0,2
35763.76371967153,END_SERVICE,35649.52147322748,35763.76371967153,31283.741769948396,11207.549389066193,0,0,3
30648.769479314746,NEXT_ARRIVAL,30588.478782416943,30648.769479314746,25935.14651259,10259.931404668983,0,0,4
35824.07226801706,END_SERVICE,35602.08549200118,35824.07226801706,31344.050318293925,11328.16648575725,0,0,2
30660.797043264207,NEXT_ARRIVAL,30615.85458182087,30660.797043264207,25935.14651259,10308.041660466828,0,1,5
35866.28775154711,END_SERVICE,35673.891105802475,35866.28775154711,31428.48128535403,11370.381969287304,0,0,1
30786.20630569558,END_SERVICE,30615.85458182087,30786.20630569558,25935.14651259,10809.678710192326,0,2,6
35879.352791743404,NEXT_ARRIVAL,35673.891105802475,35879.352791743404,31467.676405942908,11370.381969287304,0,0,0
30809.430902561788,END_SERVICE,30786.20630569558,30809.430902561788,25935.14651259,10902.577097657151,0,1,5
35888.32501448522,NEXT_ARRIVAL,35602.08549200118,35888.32501448522,31485.62085142654,11379.35419202912,0,0,1
30826.839085884483,END_SERVICE,30588.478782416943,30826.839085884483,25935.14651259,10972.209830947933,0,0,4
36078.38070301279,END_SERVICE,35879.352791743404,36078.38070301279,31675.676539954107,11759.465569084252,0,0,2
30838.572853235622,NEXT_ARRIVAL,30660.797043264207,30838.572853235622,25946.88027994114,11007.411133001351,0,0,3
30844.883966318685,END_SERVICE,30571.324432860154,30844.883966318685,25946.88027994114,11032.6555853336,0,0,4
36155.603690137345,END_SERVICE,35888.32501448522,36155.603690137345,31830.122514203224,11836.68855620881,0,0,1
30859.30343824716,END_SERVICE,30626.360262337563,30859.30343824716,25961.299751869614,11075.914001119025,0,0,3
36546.76127379595,NEXT_ARRIVAL,35888.32501448522,36546.76127379595,33003.59526517904,11836.68855620881,0,0,0
36558.58535139249,END_SERVICE,36546.76127379595,36558.58535139249,33027.24342037212,11848.512633805349,0,0,1
30935.009001798786,NEXT_ARRIVAL,30648.769479314746,30935.009001798786,26112.710878972866,11227.325128222277,0,0,2
30965.298291400348,END_SERVICE,30838.572853235622,30965.298291400348,26143.00016857443,11318.192997026963,0,0,3
36563.69552187321,NEXT_ARRIVAL,35879.352791743404,36563.69552187321,33042.57393181429,11848.512633805349,0,0,0
36631.48171283684,NEXT_ARRIVAL,36563.69552187321,36631.48171283684,33178.14631374154,11916.298824768975,0,0,1
31001.827548306424,END_SERVICE,30809.430902561788,31001.827548306424,26216.05868238658,11391.251510839116,0,0,2
31172.899770701588,END_SERVICE,30935.009001798786,31172.899770701588,26729.27534957207,11562.32373323428,0,0,1
36651.59493274954,NEXT_ARRIVAL,36631.48171283684,36651.59493274954,33198.25953365424,11956.52526459438,0,0,2
31186.244753980427,NEXT_ARRIVAL,30626.360262337563,31186.244753980427,26782.65528268743,11562.32373323428,0,0,0
36658.32530222676,NEXT_ARRIVAL,36651.59493274954,36658.32530222676,33198.25953365424,11976.71637302604,0,0,3
31190.251053752014,NEXT_ARRIVAL,31186.244753980427,31190.251053752014,26794.67418200219,11566.330033005866,0,0,1
36707.4122922227,NEXT_ARRIVAL,36546.76127379595,36707.4122922227,33198.25953365424,12123.97734301387,0,1,4
36751.08331474131,END_SERVICE,36651.59493274954,36751.08331474131,33198.25953365424,12254.99041056968,0,2,5
31273.886475587733,NEXT_ARRIVAL,30838.572853235622,31273.886475587733,26961.945025673627,11733.600876677305,0,0,2
31291.782347174103,END_SERVICE,31190.251053752014,31291.782347174103,26979.840897259997,11787.288491436415,0,0,3
36798.67434855693,NEXT_ARRIVAL,36707.4122922227,36798.67434855693,33198.25953365424,12397.763512016554,0,1,4
31324.70119878392,END_SERVICE,31273.886475587733,31324.70119878392,27045.678600479634,11853.126194656052,0,0,2
36880.44635668548,END_SERVICE,36631.48171283684,36880.44635668548,33198.25953365424,12643.079536402209,0,2,5
36909.949127737855,END_SERVICE,36563.69552187321,36909.949127737855,33198.25953365424,12731.587849559324,0,1,4
31421.286919986487,END_SERVICE,31186.244753980427,31421.286919986487,27335.43576408733,11949.711915858617,0,0,1
36918.24905727379,END_SERVICE,36751.08331474131,36918.24905727379,33198.25953365424,12756.487638167124,0,0,3
31524.171051841797,NEXT_ARRIVAL,31273.886475587733,31524.171051841797,27746.97229150857,11949.711915858617,0,0,0
31543.402641961908,END_SERVICE,31524.171051841797,31543.402641961908,27804.667061868902,11968.943505978728,0,0,1
36931.14333332763,END_SERVICE,36909.949127737855,36931.14333332763,33211.153809708085,12782.276190274806,0,0,2
37214.79170222108,END_SERVICE,36880.44635668548,37214.79170222108,33778.45054749499,13065.92455916826,0,0,1
31600.038382372804,NEXT_ARRIVAL,31524.171051841797,31600.038382372804,28031.21002351249,11968.943505978728,0,0,0
31609.625745967212,END_SERVICE,31600.038382372804,31609.625745967212,28059.972114295713,11978.530869573136,0,0,1
37226.55388374118,NEXT_ARRIVAL,36658.32530222676,37226.55388374118,33813.737092055286,13065.92455916826,0,0,0
31635.412498399302,NEXT_ARRIVAL,31190.251053752014,31635.412498399302,28163.119124024073,11978.530869573136,0,0,0
37309.605483006606,END_SERVICE,37226.55388374118,37309.605483006606,33979.84029058614,13148.976158433685,0,0,1
37576.28745569778,NEXT_ARRIVAL,37226.55388374118,37576.28745569778,34779.88620865965,13148.976158433685,0,0,0
31700.30869915332,END_SERVICE,31635.412498399302,31700.30869915332,28357.807726286126,12043.427070327154,0,0,1
37674.08796407378,NEXT_ARRIVAL,37576.28745569778,37674.08796407378,34975.48722541165,13246.776666809685,0,0,1
31779.455913974518,NEXT_ARRIVAL,31635.412498399302,31779.455913974518,28674.396585570918,12043.427070327154,0,0,0
32033.960363865997,END_SERVICE,31779.455913974518,32033.960363865997,29437.909935245356,12297.931520218634,0,0,1
37746.27314311178,NEXT_ARRIVAL,36798.67434855693,37746.27314311178,35047.67240444965,13391.14702488569,0,0,2
37851.415086551875,END_SERVICE,37576.28745569778,37851.415086551875,35047.67240444965,13706.572855205977,0,0,3
32136.698709358647,NEXT_ARRIVAL,31600.038382372804,32136.698709358647,29848.863317215953,12297.931520218634,0,0,0
32149.871977913543,END_SERVICE,32136.698709358647,32149.871977913543,29888.38312288064,12311.10478877353,0,0,1
38002.0337762002,END_SERVICE,37746.27314311178,38002.0337762002,35198.29109409798,14007.810234502631,0,0,2
32193.846830082137,NEXT_ARRIVAL,31779.455913974518,32193.846830082137,30064.282531555018,12311.10478877353,0,0,0
38016.746661987454,NEXT_ARRIVAL,37674.08796407378,38016.746661987454,35227.71686567248,14022.523120289883,0,0,1
32196.395504514134,NEXT_ARRIVAL,30935.009001798786,32196.395504514134,30071.92855485101,12313.653463205526,0,0,1
38067.16942957856,NEXT_ARRIVAL,37746.27314311178,38067.16942957856,35278.139633263585,14123.368655472088,0,0,2
32197.884205486353,NEXT_ARRIVAL,32136.698709358647,32197.884205486353,30074.905956795446,12316.630865149964,0,0,2
38115.428001507564,END_SERVICE,37674.08796407378,38115.428001507564,35278.139633263585,14268.14437125911,0,0,3
38151.34580048038,NEXT_ARRIVAL,38016.746661987454,38151.34580048038,35314.057432236405,14339.979969204749,0,0,2
32265.052904525648,END_SERVICE,32196.395504514134,32265.052904525648,30142.074655834742,12518.13696226785,0,0,3
38151.95827368802,NEXT_ARRIVAL,38067.16942957856,38151.95827368802,35314.057432236405,14341.817388827654,0,0,3
32365.79231925398,END_SERVICE,32193.846830082137,32365.79231925398,30343.553485291402,12719.615791724511,0,0,2
38244.40726401827,END_SERVICE,38151.34580048038,38244.40726401827,35314.057432236405,14619.164359818413,0,1,4
32367.806818449288,END_SERVICE,32197.884205486353,32367.806818449288,30349.59698287733,12721.63029091982,0,0,1
32458.691292244315,NEXT_ARRIVAL,32197.884205486353,32458.691292244315,30713.13487805744,12721.63029091982,0,0,0
38258.951156146366,END_SERVICE,38067.16942957856,38258.951156146366,35314.057432236405,14662.796036202697,0,0,3
32486.56086924451,NEXT_ARRIVAL,32193.846830082137,32486.56086924451,30796.743609058023,12749.499867920014,0,0,1
38363.06147893046,END_SERVICE,38016.746661987454,38363.06147893046,35418.1677550205,14871.016681770885,0,0,2
32575.158298177303,END_SERVICE,32486.56086924451,32575.158298177303,30973.93846692361,12926.6947257856,0,0,2
38479.13488531061,END_SERVICE,38244.40726401827,38479.13488531061,35650.3145677808,14987.090088151035,0,0,1
38636.28334754991,NEXT_ARRIVAL,38151.95827368802,38636.28334754991,36121.75995449869,14987.090088151035,0,0,0
32622.136351577312,END_SERVICE,32458.691292244315,32622.136351577312,31114.872627123637,12973.67277918561,0,0,1
38741.94610176222,NEXT_ARRIVAL,38636.28334754991,38741.94610176222,36333.08546292332,15092.752842363352,0,0,1
32659.23500803717,NEXT_ARRIVAL,32486.56086924451,32659.23500803717,31263.267252963065,12973.67277918561,0,0,0
38748.53759833429,END_SERVICE,38636.28334754991,38748.53759833429,36339.67695949539,15105.935835507484,0,0,2
32720.3396343237,END_SERVICE,32659.23500803717,32720.3396343237,31446.58113182266,13034.777405472141,0,0,1
38775.33447880902,END_SERVICE,38741.94610176222,38775.33447880902,36393.270720444845,15132.732715982213,0,0,1
32729.285904715947,NEXT_ARRIVAL,32659.23500803717,32729.285904715947,31482.366213391648,13034.777405472141,0,0,0
32904.01832257387,NEXT_ARRIVAL,32458.691292244315,32904.01832257387,32006.563466965425,13209.509823330067,0,0,1
38947.10922314008,NEXT_ARRIVAL,38741.94610176222,38947.10922314008,36908.59495343804,15132.732715982213,0,0,0
39098.65138579654,END_SERVICE,38947.10922314008,39098.65138579654,37211.679278750955,15284.27487863867,0,0,1
32988.17705816692,END_SERVICE,32729.285904715947,32988.17705816692,32174.880938151517,13377.827294516159,0,0,2
32991.742661778335,NEXT_ARRIVAL,32904.01832257387,32991.742661778335,32185.577748985765,13381.392898127575,0,0,1
39191.41302294576,NEXT_ARRIVAL,38151.34580048038,39191.41302294576,37489.96419019861,15284.27487863867,0,0,0
39262.68140770277,NEXT_ARRIVAL,39191.41302294576,39262.68140770277,37632.500959712626,15355.543263395677,0,0,1
33012.068188396865,NEXT_ARRIVAL,32991.742661778335,33012.068188396865,32226.228802222824,13422.043951364634,0,0,2
39280.54182364177,END_SERVICE,39262.68140770277,39280.54182364177,37650.36137565163,15391.26409527368,0,0,2
33040.68416597033,END_SERVICE,32904.01832257387,33040.68416597033,32254.844779796287,13507.891884085024,0,0,3
33064.833231624645,END_SERVICE,32991.742661778335,33064.833231624645,32303.142911104922,13556.190015393659,0,0,2
39287.74376954112,NEXT_ARRIVAL,39262.68140770277,39287.74376954112,37664.76526745033,15398.466041173033,0,0,1
39373.664279320335,END_SERVICE,39191.41302294576,39373.664279320335,37750.68577722955,15570.307060731462,0,0,2
33121.65389173261,NEXT_ARRIVAL,32196.395504514134,33121.65389173261,32473.60489142882,13613.010675501624,0,0,1
33133.6435531609,END_SERVICE,33012.068188396865,33133.6435531609,32497.5842142854,13636.989998358207,0,0,2
39376.17814411187,NEXT_ARRIVAL,38947.10922314008,39376.17814411187,37755.71350681262,15572.820925523,0,0,1
39505.393011466105,NEXT_ARRIVAL,39287.74376954112,39505.393011466105,37884.928374166855,15831.250660231464,0,0,2
33139.11592104369,NEXT_ARRIVAL,33012.068188396865,33139.11592104369,32514.001317933762,13642.462366240994,0,0,1
39593.409780963455,NEXT_ARRIVAL,39505.393011466105,39593.409780963455,37884.928374166855,16095.300968723514,0,0,3
33147.611961035924,NEXT_ARRIVAL,33139.11592104369,33147.611961035924,32530.99339791823,13659.454446225463,0,0,2
33170.320269300035,END_SERVICE,33147.611961035924,33170.320269300035,32553.701706182343,13727.579371017797,0,0,3
39610.439044882056,END_SERVICE,39287.74376954112,39610.439044882056,37884.928374166855,16146.388760479316,0,1,4
39632.379424804094,END_SERVICE,39376.17814411187,39632.379424804094,37884.928374166855,16212.20990024543,0,0,3
33186.70403002995,NEXT_ARRIVAL,32729.285904715947,33186.70403002995,32586.46922764217,13760.346892477624,0,0,2
33192.07780330017,END_SERVICE,33139.11592104369,33192.07780330017,32591.84300091239,13776.468212288288,0,0,3
39739.41194349087,END_SERVICE,39610.439044882056,39739.41194349087,37991.96089285363,16426.274937618986,0,0,2
39972.86482537401,END_SERVICE,39505.393011466105,39972.86482537401,38458.86665661991,16659.727819502124,0,0,1
33282.9554315609,NEXT_ARRIVAL,33121.65389173261,33282.9554315609,32773.59825743385,13958.223468809745,0,0,2
33313.470979363556,END_SERVICE,33186.70403002995,33313.470979363556,32804.113805236506,14049.770112217717,0,0,3
39985.055376568394,NEXT_ARRIVAL,39593.409780963455,39985.055376568394,38495.43831020306,16659.727819502124,0,0,0
40001.04048191964,END_SERVICE,39985.055376568394,40001.04048191964,38527.408520905556,16675.71292485337,0,0,1
33313.75830296595,END_SERVICE,33121.65389173261,33313.75830296595,32804.688452441296,14050.344759422507,0,0,2
40193.320559423206,NEXT_ARRIVAL,39376.17814411187,40193.320559423206,39104.24875341625,16675.71292485337,0,0,0
33448.20476418363,NEXT_ARRIVAL,33186.70403002995,33448.20476418363,33208.02783609434,14184.791220640189,0,0,1
33511.20861517261,END_SERVICE,33448.20476418363,33511.20861517261,33334.0355380723,14310.798922618145,0,0,2
40348.69054484615,END_SERVICE,40193.320559423206,40348.69054484615,39414.98872426213,16831.082910276313,0,0,1
40367.430380641315,NEXT_ARRIVAL,40193.320559423206,40367.430380641315,39471.20823164764,16831.082910276313,0,0,0
33529.00211063787,END_SERVICE,33282.9554315609,33529.00211063787,33387.416024468075,14328.592418083404,0,0,1
40496.39342342738,NEXT_ARRIVAL,39985.055376568394,40496.39342342738,39729.13431721976,16960.045953062374,0,0,1
33534.3750505284,NEXT_ARRIVAL,33147.611961035924,33534.3750505284,33408.90778403018,14328.592418083404,0,0,0
40647.72082871188,END_SERVICE,40367.430380641315,40647.72082871188,39880.46172250426,17262.700763631376,0,0,2
33541.469903023804,NEXT_ARRIVAL,33534.3750505284,33541.469903023804,33430.192341516406,14335.687270578812,0,0,1
33609.87986691241,END_SERVICE,33534.3750505284,33609.87986691241,33567.01226929361,14472.50719835602,0,0,2
40795.61736980342,END_SERVICE,40496.39342342738,40795.61736980342,40176.25480468734,17410.597304722916,0,0,1
41007.56197675725,NEXT_ARRIVAL,40367.430380641315,41007.56197675725,40812.08862554884,17410.597304722916,0,0,0
33672.60372201926,NEXT_ARRIVAL,33541.469903023804,33672.60372201926,33755.18383461417,14535.23105346287,0,0,1
33750.27852314226,END_SERVICE,33541.469903023804,33750.27852314226,33910.53343686017,14690.580655708873,0,0,2
41141.29314816741,END_SERVICE,41007.56197675725,41141.29314816741,41079.550968369156,17544.328476133076,0,0,1
33780.45904480293,END_SERVICE,33672.60372201926,33780.45904480293,34001.07500184217,14720.761177369539,0,0,1
41238.289064207376,NEXT_ARRIVAL,40496.39342342738,41238.289064207376,41370.538716489056,17544.328476133076,0,0,0
41331.091159876225,END_SERVICE,41238.289064207376,41331.091159876225,41556.142907826754,17637.130571801925,0,0,1
33818.092271143854,NEXT_ARRIVAL,33448.20476418363,33818.092271143854,34151.60790720588,14720.761177369539,0,0,0
41583.460982182594,NEXT_ARRIVAL,41007.56197675725,41583.460982182594,42313.25237474586,17637.130571801925,0,0,0
33974.354374509756,NEXT_ARRIVAL,33672.60372201926,33974.354374509756,34620.39421730358,14877.02328073544,0,0,1
34046.4686886853,END_SERVICE,33818.092271143854,34046.4686886853,34764.622845654674,15021.251909086532,0,0,2
41670.83963960951,NEXT_ARRIVAL,41583.460982182594,41670.83963960951,42488.0096895997,17724.509229228843,0,0,1
41909.92552366876,END_SERVICE,41583.460982182594,41909.92552366876,42727.095573658946,18202.68099734734,0,0,2
34083.009757887296,NEXT_ARRIVAL,33974.354374509756,34083.009757887296,34874.24605326066,15057.792978288526,0,0,1
34152.82799971977,NEXT_ARRIVAL,34083.009757887296,34152.82799971977,35013.8825369256,15197.42946195347,0,0,2
42118.30538654116,END_SERVICE,41670.83963960951,42118.30538654116,43143.85529940374,18411.060860219735,0,0,1
34155.20372582188,NEXT_ARRIVAL,33818.092271143854,34155.20372582188,35016.25826302771,15204.556640259798,0,0,3
42143.34252273564,NEXT_ARRIVAL,41670.83963960951,42143.34252273564,43218.966707987194,18411.060860219735,0,0,0
34213.93301650207,END_SERVICE,33974.354374509756,34213.93301650207,35016.25826302771,15439.473802980581,0,0,4
42229.71499086619,NEXT_ARRIVAL,42143.34252273564,42229.71499086619,43391.71164424829,18497.433328350282,0,0,1
42239.07418083652,NEXT_ARRIVAL,42229.71499086619,42239.07418083652,43401.07083421862,18516.151708290945,0,0,2
34217.83347803824,END_SERVICE,34155.20372582188,34217.83347803824,35020.15872456388,15451.175187589091,0,0,3
42267.947751527885,END_SERVICE,42143.34252273564,42267.947751527885,43401.07083421862,18602.77242036504,0,0,3
34302.49982885493,END_SERVICE,34083.009757887296,34302.49982885493,35189.49142619726,15620.50788922247,0,0,2
34413.986209192604,END_SERVICE,34152.82799971977,34413.986209192604,35523.950567210275,15731.994269560142,0,0,1
42337.43553566639,NEXT_ARRIVAL,41238.289064207376,42337.43553566639,43470.55861835712,18741.747988642044,0,0,2
42342.0422479619,END_SERVICE,42239.07418083652,42342.0422479619,43470.55861835712,18755.568125528585,0,0,3
34548.2865200029,NEXT_ARRIVAL,34152.82799971977,34548.2865200029,36061.15181045145,15731.994269560142,0,0,0
34647.8900146191,NEXT_ARRIVAL,34548.2865200029,34647.8900146191,36359.96229430006,15831.597764176346,0,0,1
42438.09599651107,NEXT_ARRIVAL,42239.07418083652,42438.09599651107,43566.61236690629,18947.675622626917,0,0,2
42477.35924327231,END_SERVICE,42229.71499086619,42477.35924327231,43566.61236690629,19065.465362910643,0,0,3
34709.928530764846,END_SERVICE,34647.8900146191,34709.928530764846,36484.03932659155,15955.674796467836,0,0,2
34749.684063091896,END_SERVICE,34548.2865200029,34749.684063091896,36603.3059235727,15995.430328794886,0,0,1
42518.019078510006,END_SERVICE,42337.43553566639,42518.019078510006,43607.272202143984,19146.785033386037,0,0,2
42561.65408825618,NEXT_ARRIVAL,42337.43553566639,42561.65408825618,43694.54222163634,19190.420043132213,0,0,1
34860.43733988773,NEXT_ARRIVAL,33282.9554315609,34860.43733988773,37046.31903075603,15995.430328794886,0,0,0
34871.947539978275,END_SERVICE,34860.43733988773,34871.947539978275,37080.84963102767,16006.940528885432,0,0,1
42573.729922161896,END_SERVICE,42438.09599651107,42573.729922161896,43706.61805554205,19214.57171094364,0,0,2
42606.66582002028,NEXT_ARRIVAL,42561.65408825618,42606.66582002028,43772.48985125882,19247.507608802025,0,0,1
34896.167422623534,NEXT_ARRIVAL,34647.8900146191,34896.167422623534,37177.7291616087,16006.940528885432,0,0,0
34939.49584473199,NEXT_ARRIVAL,34860.43733988773,34939.49584473199,37307.714427934065,16050.268950993886,0,0,1
42657.656951155615,NEXT_ARRIVAL,42606.66582002028,42657.656951155615,43823.480982394154,19349.489871072696,0,0,2
42756.25883366521,NEXT_ARRIVAL,42438.09599651107,42756.25883366521,43823.480982394154,19645.295518601484,0,0,3
35015.12247879425,END_SERVICE,34896.167422623534,35015.12247879425,37458.967696058586,16201.522219118408,0,0,2
35050.06928985399,NEXT_ARRIVAL,34939.49584473199,35050.06928985399,37563.80812923782,16236.469030178152,0,0,1
42839.19772654613,NEXT_ARRIVAL,42657.656951155615,42839.19772654613,43823.480982394154,19894.112197244245,0,1,4
35055.517425427206,NEXT_ARRIVAL,34896.167422623534,35055.517425427206,37574.704400384246,16247.365301324578,0,0,2
42853.92753231124,END_SERVICE,42606.66582002028,42853.92753231124,43823.480982394154,19938.301614539563,0,2,5
42912.08287999504,NEXT_ARRIVAL,42839.19772654613,42912.08287999504,43823.480982394154,20112.767657590968,0,1,4
35068.9227992507,END_SERVICE,34939.49584473199,35068.9227992507,37588.10977420774,16287.581422795061,0,0,3
35091.7652282821,END_SERVICE,35055.517425427206,35091.7652282821,37633.79463227054,16333.26628085786,0,0,2
42927.73864906152,END_SERVICE,42853.92753231124,42927.73864906152,43823.480982394154,20159.7349647904,0,2,5
35156.32699358576,NEXT_ARRIVAL,34155.20372582188,35156.32699358576,37827.47992818152,16397.82804616152,0,0,1
42970.235258374036,END_SERVICE,42561.65408825618,42970.235258374036,43823.480982394154,20287.224792727957,0,1,4
35196.48897258132,END_SERVICE,35156.32699358576,35196.48897258132,37907.80388617264,16478.15200415264,0,0,2
42997.79681871889,END_SERVICE,42657.656951155615,42997.79681871889,43823.480982394154,20369.909473762516,0,0,3
35212.67271082479,END_SERVICE,35050.06928985399,35212.67271082479,37956.35510090304,16494.335742396106,0,0,1
43056.275003748975,NEXT_ARRIVAL,42756.25883366521,43056.275003748975,43881.95916742424,20486.86584382269,0,0,2
35303.21552914557,NEXT_ARRIVAL,35055.517425427206,35303.21552914557,38318.52637418618,16494.335742396106,0,0,0
43099.68193980445,END_SERVICE,42927.73864906152,43099.68193980445,43881.95916742424,20617.086651989124,0,0,3
43153.1174899208,NEXT_ARRIVAL,42912.08287999504,43153.1174899208,43935.394717540585,20723.957752221813,0,0,2
35414.462525320494,END_SERVICE,35303.21552914557,35414.462525320494,38652.26736271095,16605.58273857103,0,0,1
43184.476580166,NEXT_ARRIVAL,43153.1174899208,43184.476580166,43935.394717540585,20818.03502295743,0,0,3
35585.343304121234,NEXT_ARRIVAL,35156.32699358576,35585.343304121234,39335.790477913906,16605.58273857103,0,0,0
43414.47037208374,END_SERVICE,42970.235258374036,43414.47037208374,43935.394717540585,21508.016398710646,0,1,4
35586.56413422468,NEXT_ARRIVAL,35303.21552914557,35586.56413422468,39339.45296822425,16606.803568674477,0,0,1
43418.9804419215,END_SERVICE,43056.275003748975,43418.9804419215,43935.394717540585,21521.546608223918,0,0,3
35638.545064781734,NEXT_ARRIVAL,35585.343304121234,35638.545064781734,39443.414829338355,16710.765429788582,0,0,2
35639.2950656186,END_SERVICE,35585.343304121234,35639.2950656186,39444.16483017522,16713.01543229918,0,0,3
43473.69761349346,NEXT_ARRIVAL,43184.476580166,43473.69761349346,43990.111889112544,21630.980951367837,0,0,2
43553.42171150685,NEXT_ARRIVAL,43056.275003748975,43553.42171150685,43990.111889112544,21870.15324540802,0,0,3
35722.583048915025,END_SERVICE,35586.56413422468,35722.583048915025,39610.74079676807,16879.59139889203,0,0,2
35728.04262986301,NEXT_ARRIVAL,35050.06928985399,35728.04262986301,39627.11953961203,16885.050979840016,0,0,1
43580.2594007465,END_SERVICE,43153.1174899208,43580.2594007465,43990.111889112544,21950.666313126963,0,1,4
35735.97896847952,NEXT_ARRIVAL,35586.56413422468,35735.97896847952,39642.99221684504,16900.923657073028,0,0,2
43619.33641937272,END_SERVICE,43580.2594007465,43619.33641937272,43990.111889112544,22067.897369005612,0,0,3
35763.04212767099,END_SERVICE,35735.97896847952,35763.04212767099,39670.055376036515,16982.113134647443,0,0,3
43637.819413127356,NEXT_ARRIVAL,43473.69761349346,43637.819413127356,44008.59488286718,22104.86335651489,0,0,2
35896.37517467996,END_SERVICE,35638.545064781734,35896.37517467996,39936.72147005446,17248.779228665386,0,0,2
43650.64270867097,END_SERVICE,43637.819413127356,43650.64270867097,44008.59488286718,22143.33324314572,0,0,3
35934.235282780166,END_SERVICE,35728.04262986301,35934.235282780166,40050.30179435507,17286.63933676559,0,0,1
43684.29748330047,NEXT_ARRIVAL,43553.42171150685,43684.29748330047,44042.249657496686,22210.642792404728,0,0,2
43692.97242978955,END_SERVICE,43414.47037208374,43692.97242978955,44042.249657496686,22236.667631871973,0,0,3
36009.13216662212,NEXT_ARRIVAL,35735.97896847952,36009.13216662212,40349.889329722886,17286.63933676559,0,0,0
36131.39369075865,NEXT_ARRIVAL,35638.545064781734,36131.39369075865,40716.67390213247,17408.90086090212,0,0,1
43782.51179679767,END_SERVICE,43473.69761349346,43782.51179679767,44131.789024504804,22415.746365888208,0,0,2
36230.58374938118,NEXT_ARRIVAL,36131.39369075865,36230.58374938118,40915.05401937753,17607.28097814718,0,0,2
43901.69485821076,END_SERVICE,43684.29748330047,43901.69485821076,44370.15514733098,22534.929427301297,0,0,1
36236.54754275773,NEXT_ARRIVAL,36230.58374938118,36236.54754275773,40921.017812754086,17625.172358276846,0,0,3
44414.76612653678,NEXT_ARRIVAL,43684.29748330047,44414.76612653678,45909.36895230904,22534.929427301297,0,0,0
36273.787579233256,END_SERVICE,36131.39369075865,36273.787579233256,40921.017812754086,17774.13250417894,0,0,4
44510.64173614305,END_SERVICE,44414.76612653678,44510.64173614305,46101.12017152159,22630.805036907568,0,0,1
36283.650608899996,END_SERVICE,36230.58374938118,36283.650608899996,40930.880842420826,17803.721593179158,0,0,3
44834.134381062766,NEXT_ARRIVAL,44414.76612653678,44834.134381062766,47071.59810628073,22630.805036907568,0,0,0
44861.835577121936,END_SERVICE,44834.134381062766,44861.835577121936,47127.00049839907,22658.506232966738,0,0,1
36287.63422432793,END_SERVICE,36009.13216662212,36287.63422432793,40938.84807327669,17811.688824035024,0,0,2
36523.80989727454,NEXT_ARRIVAL,35728.04262986301,36523.80989727454,41647.375092116534,18047.864496981638,0,0,1
44897.784699047384,NEXT_ARRIVAL,43637.819413127356,44897.784699047384,47234.84786417542,22658.506232966738,0,0,0
36635.57505901245,NEXT_ARRIVAL,36236.54754275773,36635.57505901245,41870.90541559235,18271.394820457455,0,0,2
45149.91806437333,NEXT_ARRIVAL,44834.134381062766,45149.91806437333,47739.114594827304,22910.63959829268,0,0,1
45211.46955254438,END_SERVICE,44897.784699047384,45211.46955254438,47800.66608299836,23033.74257463479,0,0,2
36642.93745525785,NEXT_ARRIVAL,36523.80989727454,36642.93745525785,41878.26781183775,18293.482009193656,0,0,3
36659.368182987135,NEXT_ARRIVAL,36635.57505901245,36659.368182987135,41878.26781183775,18359.204920110787,0,0,4
45263.45872424585,END_SERVICE,45149.91806437333,45263.45872424585,47904.6444264013,23085.73174633626,0,0,1
36675.706392656175,END_SERVICE,36236.54754275773,36675.706392656175,41878.26781183775,18424.55775878695,0,1,5
45891.2740821546,NEXT_ARRIVAL,44897.784699047384,45891.2740821546,49788.09050012755,23085.73174633626,0,0,0
45971.48827632141,END_SERVICE,45891.2740821546,45971.48827632141,49948.51888846117,23165.94594050307,0,0,1
36839.52320063141,END_SERVICE,36675.706392656175,36839.52320063141,41878.26781183775,19079.824990687892,0,0,4
46697.905489873556,NEXT_ARRIVAL,45149.91806437333,46697.905489873556,52127.7705291176,23165.94594050307,0,0,0
36875.415663925014,END_SERVICE,36642.93745525785,36875.415663925014,41914.160275131355,19187.5023805687,0,0,3
47000.28378033193,END_SERVICE,46697.905489873556,47000.28378033193,52732.527110034345,23468.32423096144,0,0,1
36895.74709311251,END_SERVICE,36523.80989727454,36895.74709311251,41954.823133506354,19228.1652389437,0,0,2
36914.97763238881,END_SERVICE,36635.57505901245,36914.97763238881,42012.514751335235,19247.395778219994,0,0,1
47307.81940901067,NEXT_ARRIVAL,45891.2740821546,47307.81940901067,53655.13399607057,23468.32423096144,0,0,0
37185.79082399876,NEXT_ARRIVAL,36009.13216662212,37185.79082399876,43095.76751777504,19247.395778219994,0,0,0
37280.67858506932,NEXT_ARRIVAL,37185.79082399876,37280.67858506932,43380.43080098672,19342.283539290554,0,0,1
37412.3285575526,NEXT_ARRIVAL,36659.368182987135,37412.3285575526,43643.73074595329,19605.58348425712,0,0,2
37639.86788795328,END_SERVICE,37185.79082399876,37639.86788795328,43871.27007635397,20288.20147545916,0,0,3
37729.051428786064,END_SERVICE,37280.67858506932,37729.051428786064,44049.637158019534,20466.568557124723,0,0,2
37770.695470451436,NEXT_ARRIVAL,37412.3285575526,37770.695470451436,44174.56928301565,20508.212598790094,0,0,1
37790.807282223876,END_SERVICE,37412.3285575526,37790.807282223876,44214.79290656053,20548.436222334974,0,0,2
37895.52666005554,NEXT_ARRIVAL,37770.695470451436,37895.52666005554,44528.95104005552,20653.15560016664,0,0,1
38008.78608868459,NEXT_ARRIVAL,36642.93745525785,38008.78608868459,44755.46989731362,20879.674457424735,0,0,2
38021.31916965713,END_SERVICE,38008.78608868459,38021.31916965713,44768.00297828616,20917.27370034236,0,0,3
38162.33898443254,NEXT_ARRIVAL,38008.78608868459,38162.33898443254,45050.042607836986,21199.313329893186,0,0,2
38184.13394771201,END_SERVICE,37770.695470451436,38184.13394771201,45071.837571116455,21264.698219731596,0,0,3
38237.68336929001,END_SERVICE,38162.33898443254,38237.68336929001,45178.93641427245,21371.797062887592,0,0,2
38241.85095357234,NEXT_ARRIVAL,37895.52666005554,38241.85095357234,45191.439167119446,21375.964647169923,0,0,1
38297.164779409235,END_SERVICE,37895.52666005554,38297.164779409235,45302.06681879323,21486.59229884371,0,0,2
38301.869053108785,NEXT_ARRIVAL,37280.67858506932,38301.869053108785,45316.17963989188,21491.29657254326,0,0,1
38467.39392925181,NEXT_ARRIVAL,38301.869053108785,38467.39392925181,45647.229392177935,21822.346324829312,0,0,2
38470.95016853016,END_SERVICE,38241.85095357234,38470.95016853016,45650.78563145628,21833.015042664352,0,0,3
38489.510604339,NEXT_ARRIVAL,38241.85095357234,38489.510604339,45687.90650307396,21870.13591428203,0,0,2
38537.50469574863,END_SERVICE,38467.39392925181,38537.50469574863,45735.90059448359,22014.118188510918,0,0,3
38584.27379212092,END_SERVICE,38489.510604339,38584.27379212092,45829.43878722817,22107.656381255503,0,0,2
38605.97745674403,END_SERVICE,38301.869053108785,38605.97745674403,45894.549781097514,22129.360045878617,0,0,1
38747.28691896439,NEXT_ARRIVAL,38489.510604339,38747.28691896439,46459.78762997894,22129.360045878617,0,0,0
38784.35552925256,NEXT_ARRIVAL,38747.28691896439,38784.35552925256,46570.99346084346,22166.42865616679,0,0,1
38858.09892765503,END_SERVICE,38747.28691896439,38858.09892765503,46718.4802576484,22313.915452971727,0,0,2
39088.981942439554,NEXT_ARRIVAL,38467.39392925181,39088.981942439554,47411.129302001966,22544.79846775625,0,0,1
39192.1618997641,END_SERVICE,38784.35552925256,39192.1618997641,47617.489216651054,22751.158382405338,0,0,2
39542.71655923369,END_SERVICE,39088.981942439554,39542.71655923369,48669.15319505983,23101.71304187493,0,0,1
39605.20091794546,NEXT_ARRIVAL,38162.33898443254,39605.20091794546,48919.09062990692,23101.71304187493,0,0,0
39751.066753299114,NEXT_ARRIVAL,39605.20091794546,39751.066753299114,49356.688135967874,23247.57887722858,0,0,1
39795.19756047752,END_SERVICE,39751.066753299114,39795.19756047752,49444.94975032469,23335.840491585397,0,0,2
39939.335110850385,NEXT_ARRIVAL,39751.066753299114,39939.335110850385,49877.36240144328,23479.97804195826,0,0,1
39942.3214760926,NEXT_ARRIVAL,39088.981942439554,39942.3214760926,49883.335131927706,23485.950772442688,0,0,2
39971.96735604995,END_SERVICE,39605.20091794546,39971.96735604995,49912.98101188506,23574.888412314744,0,0,3
39973.56717193255,END_SERVICE,39942.3214760926,39973.56717193255,49916.18064365025,23578.088044079937,0,0,2
39990.5002956677,NEXT_ARRIVAL,39939.335110850385,39990.5002956677,49966.980014855704,23595.021167815088,0,0,1
40002.19092040351,END_SERVICE,39990.5002956677,40002.19092040351,49990.36126432733,23618.402417286714,0,0,2
40053.83332744517,END_SERVICE,39939.335110850385,40053.83332744517,50145.288485452314,23670.044824328375,0,0,1
40083.57427555653,NEXT_ARRIVAL,38784.35552925256,40083.57427555653,50264.25227789774,23670.044824328375,0,0,0
40113.40469216992,NEXT_ARRIVAL,40083.57427555653,40113.40469216992,50353.74352773791,23699.875240941765,0,0,1
40158.36263365494,END_SERVICE,40083.57427555653,40158.36263365494,50443.65941070796,23789.79112391181,0,0,2
40161.49386491141,END_SERVICE,40113.40469216992,40161.49386491141,50453.05310447737,23792.92235516828,0,0,1
40407.854700202646,NEXT_ARRIVAL,39942.3214760926,40407.854700202646,51438.496445642304,23792.92235516828,0,0,0
40514.76416889554,NEXT_ARRIVAL,40113.40469216992,40514.76416889554,51759.22485172099,23899.831823861176,0,0,1
40520.49379208749,NEXT_ARRIVAL,39990.5002956677,40520.49379208749,51770.68409810488,23911.291070245068,0,0,2
40528.46767311013,END_SERVICE,40407.854700202646,40528.46767311013,51778.65797912752,23935.21271331299,0,0,3
40604.29148056641,NEXT_ARRIVAL,40407.854700202646,40604.29148056641,51930.30559404009,24086.860328225557,0,0,2
40624.79943360742,NEXT_ARRIVAL,40604.29148056641,40624.79943360742,51950.813547081096,24148.38418734858,0,0,3
40633.95140325186,NEXT_ARRIVAL,40520.49379208749,40633.95140325186,51950.813547081096,24184.99206592633,0,0,4
40671.87987191636,END_SERVICE,40604.29148056641,40671.87987191636,51950.813547081096,24336.705940584347,0,1,5
40734.22919557417,NEXT_ARRIVAL,40624.79943360742,40734.22919557417,51950.813547081096,24586.103235215574,0,0,4
40771.59375782175,END_SERVICE,40624.79943360742,40771.59375782175,51950.813547081096,24735.5614842059,0,1,5
40780.64507813596,END_SERVICE,40514.76416889554,40780.64507813596,51950.813547081096,24771.766765462744,0,0,4
40853.214608984956,NEXT_ARRIVAL,40633.95140325186,40853.214608984956,52023.38307793009,24989.47535800973,0,0,3
40865.375600805884,END_SERVICE,40520.49379208749,40865.375600805884,52023.38307793009,25038.119325293446,0,0,4
40909.970132790404,END_SERVICE,40771.59375782175,40909.970132790404,52067.97760991461,25171.902921247005,0,0,3
40925.16260215519,NEXT_ARRIVAL,40853.214608984956,40925.16260215519,52098.36254864419,25202.287859976583,0,0,2
40946.23264711978,NEXT_ARRIVAL,40925.16260215519,40946.23264711978,52119.43259360878,25265.497994870348,0,0,3
40996.38566174736,END_SERVICE,40671.87987191636,40996.38566174736,52119.43259360878,25466.110053380653,0,0,4
41036.47859965205,END_SERVICE,40853.214608984956,41036.47859965205,52159.52553151347,25586.388867094734,0,0,3
41162.4478453069,NEXT_ARRIVAL,40734.22919557417,41162.4478453069,52411.46402282317,25838.327358404436,0,0,2
41223.98489859714,NEXT_ARRIVAL,40514.76416889554,41223.98489859714,52473.00107611341,26022.93851827515,0,0,3
41270.56487361077,NEXT_ARRIVAL,41162.4478453069,41270.56487361077,52473.00107611341,26209.258418329664,0,0,4
41277.124562866935,END_SERVICE,40946.23264711978,41277.124562866935,52473.00107611341,26235.49717535433,0,1,5
41298.67939268511,END_SERVICE,40925.16260215519,41298.67939268511,52473.00107611341,26321.716494627028,0,0,4
41385.25506156124,NEXT_ARRIVAL,41270.56487361077,41385.25506156124,52559.57674498954,26581.443501255424,0,0,3
41404.40229561854,END_SERVICE,41223.98489859714,41404.40229561854,52559.57674498954,26658.03243748463,0,0,4
41456.16362618278,END_SERVICE,41277.124562866935,41456.16362618278,52611.33807555378,26813.316429177343,0,0,3
41483.373534415674,END_SERVICE,41385.25506156124,41483.373534415674,52665.75789201957,26867.73624564313,0,0,2
41489.190129033246,NEXT_ARRIVAL,40946.23264711978,41489.190129033246,52683.20767587228,26873.5528402607,0,0,1
41516.33161649716,END_SERVICE,41489.190129033246,41516.33161649716,52737.490650800115,26927.835815188533,0,0,2
41530.778806103684,END_SERVICE,41162.4478453069,41530.778806103684,52780.83221961968,26942.283004795056,0,0,1
41542.85872980818,NEXT_ARRIVAL,41223.98489859714,41542.85872980818,52829.15191443765,26942.283004795056,0,0,0
41585.05965152515,END_SERVICE,41542.85872980818,41585.05965152515,52955.75467958858,26984.48392651203,0,0,1
41606.986007076215,NEXT_ARRIVAL,41385.25506156124,41606.986007076215,53043.46010179283,26984.48392651203,0,0,0
41756.20678942446,END_SERVICE,41606.986007076215,41756.20678942446,53491.12244883757,27133.704708860278,0,0,1
41806.215052809916,NEXT_ARRIVAL,41542.85872980818,41806.215052809916,53691.155502379384,27133.704708860278,0,0,0
41917.1863039769,NEXT_ARRIVAL,41606.986007076215,41917.1863039769,54024.06925588034,27244.675960027263,0,0,1
41940.02105406466,END_SERVICE,41917.1863039769,41940.02105406466,54069.738756055856,27290.345460202778,0,0,2
42068.22055709316,NEXT_ARRIVAL,41489.190129033246,42068.22055709316,54454.33726514137,27418.54496323128,0,0,1
42119.80337660249,NEXT_ARRIVAL,41917.1863039769,42119.80337660249,54557.50290416002,27521.710602249936,0,0,2
42179.62329004727,NEXT_ARRIVAL,41806.215052809916,42179.62329004727,54617.3228176048,27701.17034258427,0,0,3
42236.864891632365,NEXT_ARRIVAL,42119.80337660249,42236.864891632365,54617.3228176048,27930.136748924662,0,0,4
42245.99076932839,END_SERVICE,42179.62329004727,42245.99076932839,54617.3228176048,27966.640259708758,0,1,5
42259.29721630196,END_SERVICE,41806.215052809916,42259.29721630196,54617.3228176048,28019.866047603035,0,0,4
42312.05440353254,END_SERVICE,42068.22055709316,42312.05440353254,54670.08000483538,28178.13760929477,0,0,3
42339.48891252758,END_SERVICE,42245.99076932839,42339.48891252758,54724.949022825465,28233.006627284856,0,0,2
42344.79175647934,NEXT_ARRIVAL,42068.22055709316,42344.79175647934,54740.85755468074,28238.309471236615,0,0,1
42359.15252707941,NEXT_ARRIVAL,42179.62329004727,42359.15252707941,54769.57909588088,28267.031012436753,0,0,2
42443.42972953964,END_SERVICE,42119.80337660249,42443.42972953964,54853.85629834111,28519.862619817446,0,0,3
42578.26048499768,END_SERVICE,42359.15252707941,42578.26048499768,55123.51780925719,28789.524130733524,0,0,2
42627.33308076752,NEXT_ARRIVAL,42344.79175647934,42627.33308076752,55270.73559656672,28838.59672650337,0,0,1
42772.05668589393,END_SERVICE,42344.79175647934,42772.05668589393,55560.18280681953,29128.043936756178,0,0,2
42847.22908536698,END_SERVICE,42627.33308076752,42847.22908536698,55785.70000523868,29203.216336229227,0,0,1
43090.99939242333,NEXT_ARRIVAL,42627.33308076752,43090.99939242333,56760.781233464084,29203.216336229227,0,0,0
43128.62432117297,NEXT_ARRIVAL,42359.15252707941,43128.62432117297,56873.656019713,29240.841264978866,0,0,1
43283.155582208296,END_SERVICE,43090.99939242333,43283.155582208296,57182.71854178366,29549.903787049523,0,0,2
43364.68347348313,NEXT_ARRIVAL,42236.864891632365,43364.68347348313,57427.30221560816,29631.431678324356,0,0,1
43456.269970574,END_SERVICE,43128.62432117297,43456.269970574,57610.4752097899,29814.604672506102,0,0,2
43474.956345190585,END_SERVICE,43364.68347348313,43474.956345190585,57666.534333639655,29833.291047122686,0,0,1
43561.60128127719,NEXT_ARRIVAL,43128.62432117297,43561.60128127719,58013.114077986065,29833.291047122686,0,0,0
43691.97145401685,NEXT_ARRIVAL,43561.60128127719,43691.97145401685,58404.22459620505,29963.661219862348,0,0,1
43749.90813239586,END_SERVICE,43691.97145401685,43749.90813239586,58520.09795296307,30079.534576620368,0,0,2
43768.40019468492,END_SERVICE,43561.60128127719,43768.40019468492,58575.57413983024,30098.026638909425,0,0,1
43934.79245580975,NEXT_ARRIVAL,43090.99939242333,43934.79245580975,59241.14318432958,30098.026638909425,0,0,0
44036.2305481329,NEXT_ARRIVAL,43364.68347348313,44036.2305481329,59545.45746129903,30199.464731232576,0,0,1
44225.84654418346,NEXT_ARRIVAL,43934.79245580975,44225.84654418346,59924.689453400155,30578.696723333698,0,0,2
44228.91814108748,END_SERVICE,44036.2305481329,44228.91814108748,59927.76105030417,30587.91151404575,0,0,3
44242.739560889924,END_SERVICE,43934.79245580975,44242.739560889924,59955.40388990906,30615.554353650637,0,0,2
44376.660346255885,END_SERVICE,44225.84654418346,44376.660346255885,60357.16624600694,30749.4751390166,0,0,1
44447.9606117272,NEXT_ARRIVAL,43691.97145401685,44447.9606117272,60642.36730789219,30749.4751390166,0,0,0
44635.87951300535,END_SERVICE,44447.9606117272,44635.87951300535,61206.12401172664,30937.39404029475,0,0,1
44962.469583475424,NEXT_ARRIVAL,44036.2305481329,44962.469583475424,62512.48429360695,30937.39404029475,0,0,0
45254.66310952453,END_SERVICE,44962.469583475424,45254.66310952453,63389.06487175427,31229.587566343856,0,0,1
45264.5185373222,NEXT_ARRIVAL,44447.9606117272,45264.5185373222,63428.48658294493,31229.587566343856,0,0,0
45322.10323510489,END_SERVICE,45264.5185373222,45322.10323510489,63601.24067629302,31287.17226412655,0,0,1
45666.96928651043,NEXT_ARRIVAL,44225.84654418346,45666.96928651043,64980.70488191517,31287.17226412655,0,0,0
45697.73299199865,NEXT_ARRIVAL,45666.96928651043,45697.73299199865,65072.99599837983,31317.935969614773,0,0,1
45735.37630204393,NEXT_ARRIVAL,45264.5185373222,45735.37630204393,65148.28261847039,31393.22258970533,0,0,2
45751.465433378304,NEXT_ARRIVAL,45735.37630204393,45751.465433378304,65164.37174980476,31441.489983708452,0,0,3
45765.331171830214,NEXT_ARRIVAL,44962.469583475424,45765.331171830214,65164.37174980476,31496.952937516093,0,0,4
45799.37913117132,END_SERVICE,45666.96928651043,45799.37913117132,65164.37174980476,31633.144774880522,0,1,5
45812.170768936456,END_SERVICE,45799.37913117132,45812.170768936456,65164.37174980476,31684.31132594106,0,0,4
45838.15628845277,END_SERVICE,45697.73299199865,45838.15628845277,65190.35726932107,31762.267884489993,0,0,3
45839.913974436044,NEXT_ARRIVAL,45697.73299199865,45839.913974436044,65193.87264128763,31765.783256456547,0,0,2
45905.58095385123,END_SERVICE,45839.913974436044,45905.58095385123,65259.53962070282,31962.784194702115,0,0,3
45960.027000709706,NEXT_ARRIVAL,45751.465433378304,45960.027000709706,65368.43171441976,32071.67628841906,0,0,2
45974.87970736292,NEXT_ARRIVAL,45765.331171830214,45974.87970736292,65383.284421072975,32116.234408378696,0,0,3
46008.84774449748,END_SERVICE,45735.37630204393,46008.84774449748,65383.284421072975,32252.106556916937,0,0,4
46009.87005783946,NEXT_ARRIVAL,45960.027000709706,46009.87005783946,65384.30673441495,32255.173496942873,0,0,3
46059.35497445767,END_SERVICE,45751.465433378304,46059.35497445767,65384.30673441495,32453.113163415714,0,0,4
46083.554298539886,NEXT_ARRIVAL,45839.913974436044,46083.554298539886,65408.50605849717,32525.71113566237,0,0,3
46159.72559619137,END_SERVICE,46009.87005783946,46159.72559619137,65408.50605849717,32830.3963262683,0,0,4
46164.0948482107,END_SERVICE,46083.554298539886,46164.0948482107,65412.8753105165,32843.50408232629,0,0,3
46197.763714539826,NEXT_ARRIVAL,46009.87005783946,46197.763714539826,65480.21304317476,32910.841814984546,0,0,2
46205.235047031754,NEXT_ARRIVAL,46197.763714539826,46205.235047031754,65487.684375666686,32933.25581246033,0,0,3
46215.79771540123,END_SERVICE,46197.763714539826,46215.79771540123,65487.684375666686,32975.50648593825,0,0,4
46238.723471366924,NEXT_ARRIVAL,46205.235047031754,46238.723471366924,65510.61013163238,33044.28375383532,0,0,3
46258.62167889632,END_SERVICE,45960.027000709706,46258.62167889632,65510.61013163238,33123.87658395291,0,0,4
46278.48635241854,END_SERVICE,45974.87970736292,46278.48635241854,65530.4748051546,33183.47060451957,0,0,3
46325.27359773737,END_SERVICE,46238.723471366924,46325.27359773737,65624.04929579224,33277.04509515722,0,0,2
46347.14954795983,END_SERVICE,46205.235047031754,46347.14954795983,65689.67714645961,33298.921045379684,0,0,1
46357.45011134376,NEXT_ARRIVAL,46238.723471366924,46357.45011134376,65730.87939999535,33298.921045379684,0,0,0
46424.17607499326,NEXT_ARRIVAL,46357.45011134376,46424.17607499326,65931.05729094385,33365.647009029184,0,0,1
46435.62401457137,END_SERVICE,46424.17607499326,46435.62401457137,65953.95317010007,33388.5428881854,0,0,2
46444.3916145387,END_SERVICE,46357.45011134376,46444.3916145387,65980.25597000206,33397.31048815273,0,0,1
46482.46570577101,NEXT_ARRIVAL,46424.17607499326,46482.46570577101,66132.5523349313,33397.31048815273,0,0,0
46536.28750389051,NEXT_ARRIVAL,46083.554298539886,46536.28750389051,66294.01772928982,33451.13228627224,0,0,1
46683.76095101147,END_SERVICE,46482.46570577101,46683.76095101147,66588.96462353173,33746.079180514156,0,0,2
46786.15213279775,NEXT_ARRIVAL,46536.28750389051,46786.15213279775,66896.13816889058,33848.47036230044,0,0,1
46844.845015871644,END_SERVICE,46786.15213279775,46844.845015871644,67013.52393503836,33965.85612844822,0,0,2
46853.99500662915,END_SERVICE,46536.28750389051,46853.99500662915,67040.97390731088,33975.006119205726,0,0,1
46942.11943694908,NEXT_ARRIVAL,45974.87970736292,46942.11943694908,67393.4716285906,33975.006119205726,0,0,0
